design_point,rqs,rate_per_s,speed_kmh,ues_per_cell,interpreter,outcome,n_minus_l_definition,n_minus_l_point,n_minus_l_ci_low,n_minus_l_ci_high,n_minus_l_n,n_minus_l_p_raw,n_minus_l_10s_point,n_minus_l_10s_ci_low,n_minus_l_10s_ci_high,n_minus_l_10s_n,n_minus_l_10s_p_raw,n_minus_l_resolved_B,n_minus_l_resolved_10s,n_minus_l_resolved_both,n_minus_a_definition,n_minus_a_point,n_minus_a_ci_low,n_minus_a_ci_high,n_minus_a_n,n_minus_a_p_raw,n_minus_a_10s_point,n_minus_a_10s_ci_low,n_minus_a_10s_ci_high,n_minus_a_10s_n,n_minus_a_10s_p_raw,n_minus_a_resolved_B,n_minus_a_resolved_10s,n_minus_a_resolved_both,block_s,n_blocks,block_10s_s,n_blocks_10s
dp_r0p1_s120_u5,RQ2,0.1,120.0,5,Jev-1.13.0,affected_class_W2,accuracy cost at interpreter latency,0.0,0.0,0.0,77,1.0,0.0,0.0,0.0,77,1.0,False,False,False,latency cost at interpreter accuracy,-0.022557548802610683,-0.03717904330628798,-0.008050315072452241,77,0.001,-0.022557548802610683,-0.04030520295206296,-0.004560353304689091,77,0.0136,True,True,True,106.60670594619674,9,10.0,100
dp_r0p1_s120_u5,RQ2,0.1,120.0,5,DeepSeek-V4.1-Flash,affected_class_W2,accuracy cost at interpreter latency,0.0,0.0,0.0,77,1.0,0.0,0.0,0.0,77,1.0,False,False,False,latency cost at interpreter accuracy,0.03332145976048437,0.010714623962760876,0.052682526147314196,77,0.0036,0.03332145976048437,0.012472490407152682,0.05741478293722564,77,0.0006,True,True,True,106.60670594619674,9,10.0,100
dp_r0p1_s120_u5,RQ2,0.1,120.0,5,GLM-5.3-Flash,affected_class_W2,accuracy cost at interpreter latency,0.011594390474600395,-0.00395294576024345,0.029383244479934217,77,0.1608,0.011594390474600395,-0.010167197335718768,0.03350152785332289,77,0.2898,False,False,False,latency cost at interpreter accuracy,-0.04681432718816235,-0.07701233163805707,-0.011724027459101945,77,0.0072,-0.04681432718816235,-0.07798983663331747,-0.01709686507782795,77,0.0022,True,True,True,106.60670594619674,9,10.0,100
dp_r0p1_s120_u5,RQ2,0.1,120.0,5,Qwen3.8-Flash,affected_class_W2,accuracy cost at interpreter latency,0.0,0.0,0.0,77,1.0,0.0,0.0,0.0,77,1.0,False,False,False,latency cost at interpreter accuracy,0.053263302738608215,0.03875149344976389,0.06695986600681186,77,9.999000099990002e-05,0.053263302738608215,0.023957740467627147,0.08482881758789942,77,0.0002,True,True,True,106.60670594619674,9,10.0,100
dp_r0p1_s120_u5,RQ2,0.1,120.0,5,SemIf-Qwen3.5-4B,affected_class_W2,accuracy cost at interpreter latency,-0.031046581512050392,-0.05016336633337611,-0.009108474607403824,77,0.0034,-0.031046581512050392,-0.058814498617835574,-0.003733608408824306,77,0.024,True,True,True,latency cost at interpreter accuracy,0.030003163725427363,0.02158785937179684,0.03896369094679226,77,9.999000099990002e-05,0.030003163725427363,0.009611148149390238,0.05064111337559424,77,0.004,True,True,True,106.60670594619674,9,10.0,100
dp_r0p1_s120_u5,RQ2,0.1,120.0,5,AnyJev-L0,affected_class_W2,accuracy cost at interpreter latency,0.04514537774541145,0.011527443307624287,0.07262025226835493,77,0.011,0.04514537774541145,0.0160367327858373,0.07590607762252076,77,0.0034,True,True,True,latency cost at interpreter accuracy,-0.026152423443199357,-0.07060412075975944,0.017279876529103008,77,0.2524,-0.026152423443199357,-0.06606135451595407,0.011243685506370909,77,0.1818,False,False,False,106.60670594619674,9,10.0,100
dp_r0p1_s120_u5,RQ2,0.1,120.0,5,Qwen3.5-4B-JSON,affected_class_W2,accuracy cost at interpreter latency,0.07841093574145953,0.027541086284197804,0.12324740351966064,77,0.0024,0.07841093574145953,0.039650290266633366,0.11875232872987619,77,9.999000099990002e-05,True,True,True,latency cost at interpreter accuracy,0.10618539264937094,0.06862359304718316,0.146470168172805,77,9.999000099990002e-05,0.10618539264937094,0.06437974553088566,0.1505140769655077,77,9.999000099990002e-05,True,True,True,106.60670594619674,9,10.0,100
dp_r0p1_s3_u5,RQ2,0.1,3.0,5,Jev-1.13.0,affected_class_W2,accuracy cost at interpreter latency,0.0,0.0,0.0,71,1.0,0.0,0.0,0.0,71,1.0,False,False,False,latency cost at interpreter accuracy,0.032149487470219854,0.004133486895905085,0.07411546007051625,71,0.0086,0.032149487470219854,0.00376190524087262,0.06257907129549435,71,0.0268,True,True,True,134.72580815496843,7,10.0,100
dp_r0p1_s3_u5,RQ2,0.1,3.0,5,DeepSeek-V4.1-Flash,affected_class_W2,accuracy cost at interpreter latency,0.0,0.0,0.0,71,1.0,0.0,0.0,0.0,71,1.0,False,False,False,latency cost at interpreter accuracy,0.04803496262932404,0.014713520308692182,0.08997633710759304,71,0.0006,0.04803496262932404,0.012684117996512725,0.08674456846964738,71,0.0068,True,True,True,134.72580815496843,7,10.0,100
dp_r0p1_s3_u5,RQ2,0.1,3.0,5,GLM-5.3-Flash,affected_class_W2,accuracy cost at interpreter latency,-0.0016824763655749557,-0.007477998681702381,0.004325190898587274,71,0.6506,-0.0016824763655749557,-0.012727469468912919,0.009990506203560847,71,0.7576,False,False,False,latency cost at interpreter accuracy,0.07732046409753238,0.03516032798691567,0.12412531886548739,71,0.0002,0.07732046409753238,0.04116037859590896,0.11600156965587538,71,9.999000099990002e-05,True,True,True,134.72580815496843,7,10.0,100
dp_r0p1_s3_u5,RQ2,0.1,3.0,5,Qwen3.8-Flash,affected_class_W2,accuracy cost at interpreter latency,0.0,0.0,0.0,71,1.0,0.0,0.0,0.0,71,1.0,False,False,False,latency cost at interpreter accuracy,0.05074654243173787,0.010025554141161585,0.11082664840478576,71,0.003,0.05074654243173787,0.013499292981776628,0.09113012773990938,71,0.006,True,True,True,134.72580815496843,7,10.0,100
dp_r0p1_s3_u5,RQ2,0.1,3.0,5,SemIf-Qwen3.5-4B,affected_class_W2,accuracy cost at interpreter latency,-0.0047763601812897604,-0.012871743496743498,0.0016505791505791471,71,0.1488,-0.0047763601812897604,-0.013479223643721502,0.0032078254913076296,71,0.2584,False,False,False,latency cost at interpreter accuracy,0.02346036340742115,-0.013060516897825995,0.07126354882323675,71,0.319,0.02346036340742115,-0.00472824435053396,0.05322570316775035,71,0.1062,False,False,False,134.72580815496843,7,10.0,100
dp_r0p1_s3_u5,RQ2,0.1,3.0,5,AnyJev-L0,affected_class_W2,accuracy cost at interpreter latency,0.0005919228256819233,-0.021053891705382417,0.0189312101064943,71,0.9324,0.0005919228256819233,-0.014785259782659167,0.015755153293838486,71,0.9254,False,False,False,latency cost at interpreter accuracy,-0.008050540799581491,-0.02069985590051783,0.0020506524405039216,71,0.1404,-0.008050540799581491,-0.02056838808061022,0.0036160345481944687,71,0.186,False,False,False,134.72580815496843,7,10.0,100
dp_r0p1_s3_u5,RQ2,0.1,3.0,5,Qwen3.5-4B-JSON,affected_class_W2,accuracy cost at interpreter latency,-0.015670543727940564,-0.026282194642347125,-0.005849759210614939,71,0.0004,-0.015670543727940564,-0.024939631659334893,-0.007688838886542248,71,9.999000099990002e-05,True,True,True,latency cost at interpreter accuracy,-0.001989523143742075,-0.027491271909925362,0.02470386442198697,71,0.8606,-0.001989523143742075,-0.021591417760496775,0.016380207430608362,71,0.8316,False,False,False,134.72580815496843,7,10.0,100
dp_r0p1_s60_u5,RQ2,0.1,60.0,5,Jev-1.13.0,affected_class_W2,accuracy cost at interpreter latency,-0.03605725904995504,-0.05930378458166843,-0.014822094347244276,73,0.002,-0.03605725904995504,-0.06446468514016995,-0.007459937836391118,73,0.0118,True,True,True,latency cost at interpreter accuracy,-0.026471601093083625,-0.05263830421863651,-0.0030989006879837853,73,0.0202,-0.026471601093083625,-0.04572572015879223,-0.007415870025326328,73,0.0068,True,True,True,84.65692294408052,11,10.0,100
dp_r0p1_s60_u5,RQ2,0.1,60.0,5,DeepSeek-V4.1-Flash,affected_class_W2,accuracy cost at interpreter latency,0.0,0.0,0.0,73,1.0,0.0,0.0,0.0,73,1.0,False,False,False,latency cost at interpreter accuracy,0.00874566091940947,-0.018215742848186237,0.029594100243902882,73,0.512,0.00874566091940947,-0.017151761435747623,0.03337903655741782,73,0.4868,False,False,False,84.65692294408052,11,10.0,100
dp_r0p1_s60_u5,RQ2,0.1,60.0,5,GLM-5.3-Flash,affected_class_W2,accuracy cost at interpreter latency,-0.06936940849416644,-0.10961131116294276,-0.031619953774136095,73,9.999000099990002e-05,-0.06936940849416644,-0.11214837494552952,-0.03269947468065739,73,9.999000099990002e-05,True,True,True,latency cost at interpreter accuracy,0.01753863558071295,0.005631430958541627,0.028904656396395095,73,0.0084,0.01753863558071295,0.005435025524504155,0.029582383536711263,73,0.0046,True,True,True,84.65692294408052,11,10.0,100
dp_r0p1_s60_u5,RQ2,0.1,60.0,5,Qwen3.8-Flash,affected_class_W2,accuracy cost at interpreter latency,0.0,0.0,0.0,73,1.0,0.0,0.0,0.0,73,1.0,False,False,False,latency cost at interpreter accuracy,-0.013368113793710454,-0.04055837718922429,0.010570130789752274,73,0.2792,-0.013368113793710454,-0.03487194030765734,0.007941180956090976,73,0.2046,False,False,False,84.65692294408052,11,10.0,100
dp_r0p1_s60_u5,RQ2,0.1,60.0,5,SemIf-Qwen3.5-4B,affected_class_W2,accuracy cost at interpreter latency,0.0,0.0,0.0,73,1.0,0.0,0.0,0.0,73,1.0,False,False,False,latency cost at interpreter accuracy,-0.012676031920126354,-0.035099310060261874,0.003051482524441633,73,0.1284,-0.012676031920126354,-0.032018539421604375,0.005420751787390412,73,0.175,False,False,False,84.65692294408052,11,10.0,100
dp_r0p1_s60_u5,RQ2,0.1,60.0,5,AnyJev-L0,affected_class_W2,accuracy cost at interpreter latency,0.01668506411327934,0.0032861528641297644,0.04004476473403419,73,0.0008,0.01668506411327934,0.00011383739040183769,0.03639352733260962,73,0.0478,True,True,True,latency cost at interpreter accuracy,0.02367499168181419,0.0005110584026792717,0.047019595958731286,73,0.0438,0.02367499168181419,0.007946363341598404,0.04043545558857888,73,0.0024,True,True,True,84.65692294408052,11,10.0,100
dp_r0p1_s60_u5,RQ2,0.1,60.0,5,Qwen3.5-4B-JSON,affected_class_W2,accuracy cost at interpreter latency,0.007643244014338996,-0.02054033117495878,0.035627002901436944,73,0.561,0.007643244014338996,-0.024127995214949828,0.033357769374799034,73,0.5708,False,False,False,latency cost at interpreter accuracy,0.03771510541360409,0.010916264932581833,0.06298722138851229,73,0.0078,0.03771510541360409,0.01154234520603701,0.061757922227946765,73,0.0058,True,True,True,84.65692294408052,11,10.0,100
dp_r0p3_s120_u5,RQ2,0.3,120.0,5,Jev-1.13.0,affected_class_W2,accuracy cost at interpreter latency,0.0,0.0,0.0,81,1.0,0.0,0.0,0.0,81,1.0,False,False,False,latency cost at interpreter accuracy,-0.0014118681952637283,-0.014607956990029019,0.013001075547771933,81,0.8114,-0.0014118681952637283,-0.014658054350567022,0.013141487036656081,81,0.8366,False,False,False,10.0,34,10.0,33
dp_r0p3_s120_u5,RQ2,0.3,120.0,5,DeepSeek-V4.1-Flash,affected_class_W2,accuracy cost at interpreter latency,0.0,0.0,0.0,81,1.0,0.0,0.0,0.0,81,1.0,False,False,False,latency cost at interpreter accuracy,0.022602103617993148,0.009261900709324308,0.03878600890634369,81,0.0004,0.022602103617993148,0.00938428229184892,0.03872572522890764,81,0.0004,True,True,True,10.0,34,10.0,33
dp_r0p3_s120_u5,RQ2,0.3,120.0,5,GLM-5.3-Flash,affected_class_W2,accuracy cost at interpreter latency,0.0,0.0,0.0,81,1.0,0.0,0.0,0.0,81,1.0,False,False,False,latency cost at interpreter accuracy,-0.002236677153323139,-0.013364625716443965,0.007369705294089025,81,0.6466,-0.002236677153323139,-0.013176580683234114,0.00760027092492065,81,0.6628,False,False,False,10.0,34,10.0,33
dp_r0p3_s120_u5,RQ2,0.3,120.0,5,Qwen3.8-Flash,affected_class_W2,accuracy cost at interpreter latency,0.0,0.0,0.0,81,1.0,0.0,0.0,0.0,81,1.0,False,False,False,latency cost at interpreter accuracy,0.026427517222842152,0.004825489476781698,0.05119782187666566,81,0.0138,0.026427517222842152,0.004649102512454133,0.05084871461495636,81,0.0126,True,True,True,10.0,34,10.0,33
dp_r0p3_s120_u5,RQ2,0.3,120.0,5,SemIf-Qwen3.5-4B,affected_class_W2,accuracy cost at interpreter latency,0.0,0.0,0.0,81,1.0,0.0,0.0,0.0,81,1.0,False,False,False,latency cost at interpreter accuracy,0.055385943663486245,0.036374606360905073,0.07923049344952623,81,9.999000099990002e-05,0.055385943663486245,0.03569638817906969,0.07911253043780667,81,9.999000099990002e-05,True,True,True,10.0,34,10.0,33
dp_r0p3_s120_u5,RQ2,0.3,120.0,5,AnyJev-L0,affected_class_W2,accuracy cost at interpreter latency,-0.024254084920667857,-0.0467070965431118,-0.004640684630827419,81,0.0096,-0.024254084920667857,-0.04591017516319047,-0.005321561863231552,81,0.0102,True,True,True,latency cost at interpreter accuracy,-0.0051229874254544025,-0.029256792240702087,0.018119954374974927,81,0.7042,-0.0051229874254544025,-0.029198117675326707,0.01826457844265334,81,0.7064,False,False,False,10.0,34,10.0,33
dp_r0p3_s120_u5,RQ2,0.3,120.0,5,Qwen3.5-4B-JSON,affected_class_W2,accuracy cost at interpreter latency,-0.00017316534710390546,-0.0065604661015206045,0.005434594481688058,81,0.9602,-0.00017316534710390546,-0.006511931139178468,0.005401443308958816,81,0.9584,False,False,False,latency cost at interpreter accuracy,0.04428282110145418,0.024406663705281842,0.0673417597591838,81,9.999000099990002e-05,0.04428282110145418,0.024724861953629704,0.06820720360041763,81,9.999000099990002e-05,True,True,True,10.0,34,10.0,33
dp_r0p3_s30_u5,RQ1,0.3,30.0,5,Jev-1.13.0,affected_class_W2,accuracy cost at interpreter latency,0.0,0.0,0.0,74,1.0,0.0,0.0,0.0,74,1.0,False,False,False,latency cost at interpreter accuracy,0.02112173560393286,0.003748778547399143,0.039828220494457334,74,0.0096,0.02112173560393286,0.005545335584878225,0.03697726901574413,74,0.0062,True,True,True,48.81676346203054,7,10.0,33
dp_r0p3_s30_u5,RQ1,0.3,30.0,5,DeepSeek-V4.1-Flash,affected_class_W2,accuracy cost at interpreter latency,0.0,0.0,0.0,74,1.0,0.0,0.0,0.0,74,1.0,False,False,False,latency cost at interpreter accuracy,0.006777642451946979,-0.005634154277020176,0.020655232024390985,74,0.3034,0.006777642451946979,-0.006031369060009333,0.019189781350815838,74,0.2858,False,False,False,48.81676346203054,7,10.0,33
dp_r0p3_s30_u5,RQ1,0.3,30.0,5,GLM-5.3-Flash,affected_class_W2,accuracy cost at interpreter latency,0.021039786590407727,0.0033014347012142505,0.040705830051567825,74,0.0192,0.021039786590407727,0.0037079978209228954,0.03961344732486674,74,0.0174,True,True,True,latency cost at interpreter accuracy,0.015794651617667358,0.0014559369222613037,0.03131720278458762,74,0.0234,0.015794651617667358,-0.005930141470972569,0.03819455506974831,74,0.1474,True,False,False,48.81676346203054,7,10.0,33
dp_r0p3_s30_u5,RQ1,0.3,30.0,5,Qwen3.8-Flash,affected_class_W2,accuracy cost at interpreter latency,0.0,0.0,0.0,74,1.0,0.0,0.0,0.0,74,1.0,False,False,False,latency cost at interpreter accuracy,-0.0028227122817355765,-0.016459952599866184,0.014821722352251768,74,0.7126,-0.0028227122817355765,-0.02306424782408116,0.019744276807263962,74,0.8082,False,False,False,48.81676346203054,7,10.0,33
dp_r0p3_s30_u5,RQ1,0.3,30.0,5,SemIf-Qwen3.5-4B,affected_class_W2,accuracy cost at interpreter latency,0.0,0.0,0.0,74,1.0,0.0,0.0,0.0,74,1.0,False,False,False,latency cost at interpreter accuracy,-0.0022802665550277616,-0.02735087999815845,0.02800049370357646,74,0.8414,-0.0022802665550277616,-0.021869899085194218,0.01801418188434559,74,0.8072,False,False,False,48.81676346203054,7,10.0,33
dp_r0p3_s30_u5,RQ1,0.3,30.0,5,AnyJev-L0,affected_class_W2,accuracy cost at interpreter latency,0.021806937523490603,0.0001766303399738129,0.0526375946458398,74,0.047,0.021806937523490603,0.004085268525224952,0.04339809207497736,74,0.0112,True,True,True,latency cost at interpreter accuracy,0.029052365737757588,0.012567598480756432,0.049075092368072094,74,9.999000099990002e-05,0.029052365737757588,0.014277812449342448,0.04411687253114996,74,0.0002,True,True,True,48.81676346203054,7,10.0,33
dp_r0p3_s30_u5,RQ1,0.3,30.0,5,Qwen3.5-4B-JSON,affected_class_W2,accuracy cost at interpreter latency,-0.00046452233952234143,-0.0035343035343035336,0.002057331196941581,74,0.8808,-0.00046452233952234143,-0.004393959787995351,0.003808626145679714,74,0.8194,False,False,False,latency cost at interpreter accuracy,0.013853158180589282,-0.006983740722921465,0.04101327035632201,74,0.2324,0.013853158180589282,-0.0020316049543208366,0.03134250572773832,74,0.0892,False,False,False,48.81676346203054,7,10.0,33
dp_r0p3_s3_u5,RQ2,0.3,3.0,5,Jev-1.13.0,affected_class_W2,accuracy cost at interpreter latency,0.0,0.0,0.0,72,1.0,0.0,0.0,0.0,72,1.0,False,False,False,latency cost at interpreter accuracy,0.009775450244200243,-0.015041921260284257,0.03663183981527732,72,0.4718,0.009775450244200243,-0.015317141745130877,0.037415234680443,72,0.4898,False,False,False,10.0,34,10.0,33
dp_r0p3_s3_u5,RQ2,0.3,3.0,5,DeepSeek-V4.1-Flash,affected_class_W2,accuracy cost at interpreter latency,0.0,0.0,0.0,72,1.0,0.0,0.0,0.0,72,1.0,False,False,False,latency cost at interpreter accuracy,0.008460314762398094,-0.0156799378969665,0.034485467791194394,72,0.5268,0.008460314762398094,-0.016342397015085365,0.034980218045843045,72,0.5458,False,False,False,10.0,34,10.0,33
dp_r0p3_s3_u5,RQ2,0.3,3.0,5,GLM-5.3-Flash,affected_class_W2,accuracy cost at interpreter latency,-0.0006470959595959601,-0.0017919734314980808,0.0,72,0.2582,-0.0006470959595959601,-0.0017482517482517496,0.0,72,0.2476,False,False,False,latency cost at interpreter accuracy,0.027083419669305428,0.005425540180693255,0.05117988124622622,72,0.0092,0.027083419669305428,0.006240643028962515,0.050635040177235344,72,0.0098,True,True,True,10.0,34,10.0,33
dp_r0p3_s3_u5,RQ2,0.3,3.0,5,Qwen3.8-Flash,affected_class_W2,accuracy cost at interpreter latency,0.0,0.0,0.0,72,1.0,0.0,0.0,0.0,72,1.0,False,False,False,latency cost at interpreter accuracy,-0.00163731137689471,-0.01754031404582875,0.014305984392972227,72,0.83,-0.00163731137689471,-0.017531321950514347,0.013859464513110346,72,0.8262,False,False,False,10.0,34,10.0,33
dp_r0p3_s3_u5,RQ2,0.3,3.0,5,SemIf-Qwen3.5-4B,affected_class_W2,accuracy cost at interpreter latency,0.0,0.0,0.0,72,1.0,0.0,0.0,0.0,72,1.0,False,False,False,latency cost at interpreter accuracy,0.009586116044449382,-0.01683079832380205,0.041919757339328186,72,0.5146,0.009586116044449382,-0.014973683005362688,0.03845502953578654,72,0.4802,False,False,False,10.0,34,10.0,33
dp_r0p3_s3_u5,RQ2,0.3,3.0,5,AnyJev-L0,affected_class_W2,accuracy cost at interpreter latency,0.006485458985458988,-0.004556278286681445,0.016938610491894497,72,0.2594,0.006485458985458988,-0.004611816654483512,0.01699674880381256,72,0.247,False,False,False,latency cost at interpreter accuracy,0.02303818866318866,0.009671233234258553,0.0377244633967359,72,9.999000099990002e-05,0.02303818866318866,0.009527273684614692,0.03778389432238394,72,0.0004,True,True,True,10.0,34,10.0,33
dp_r0p3_s3_u5,RQ2,0.3,3.0,5,Qwen3.5-4B-JSON,affected_class_W2,accuracy cost at interpreter latency,-0.0038861716986716994,-0.010560781467031467,0.0009323672027476375,72,0.1538,-0.0038861716986716994,-0.010632963905307656,0.0008299460577759611,72,0.1488,False,False,False,latency cost at interpreter accuracy,0.014815865434809231,-0.008585897190454429,0.039648940257505566,72,0.2254,0.014815865434809231,-0.008475274778145945,0.03946615559712528,72,0.2148,False,False,False,10.0,34,10.0,33
dp_r0p3_s60_u5,RQ2,0.3,60.0,5,Jev-1.13.0,affected_class_W2,accuracy cost at interpreter latency,0.0,0.0,0.0,76,1.0,0.0,0.0,0.0,76,1.0,False,False,False,latency cost at interpreter accuracy,-0.03356687542787421,-0.056680341808783584,-0.011600283601172118,76,0.0018,-0.03356687542787421,-0.05231755581566747,-0.014321766975788288,76,0.0016,True,True,True,25.56837853274422,13,10.0,33
dp_r0p3_s60_u5,RQ2,0.3,60.0,5,DeepSeek-V4.1-Flash,affected_class_W2,accuracy cost at interpreter latency,0.0,0.0,0.0,76,1.0,0.0,0.0,0.0,76,1.0,False,False,False,latency cost at interpreter accuracy,-0.047456007513846626,-0.06642271317301171,-0.030174725485108817,76,9.999000099990002e-05,-0.047456007513846626,-0.06931697170901303,-0.02882798088074091,76,9.999000099990002e-05,True,True,True,25.56837853274422,13,10.0,33
dp_r0p3_s60_u5,RQ2,0.3,60.0,5,GLM-5.3-Flash,affected_class_W2,accuracy cost at interpreter latency,0.0,0.0,0.0,76,1.0,0.0,0.0,0.0,76,1.0,False,False,False,latency cost at interpreter accuracy,-0.01435676954424888,-0.03093204899721052,0.005023300853589468,76,0.1398,-0.01435676954424888,-0.037519823240448384,0.010690369049634076,76,0.2512,False,False,False,25.56837853274422,13,10.0,33
dp_r0p3_s60_u5,RQ2,0.3,60.0,5,Qwen3.8-Flash,affected_class_W2,accuracy cost at interpreter latency,0.0,0.0,0.0,76,1.0,0.0,0.0,0.0,76,1.0,False,False,False,latency cost at interpreter accuracy,-0.020832483509266322,-0.03929734803487224,0.00020764784388057207,76,0.0528,-0.020832483509266322,-0.04353539931506284,0.002707201342771956,76,0.083,False,False,False,25.56837853274422,13,10.0,33
dp_r0p3_s60_u5,RQ2,0.3,60.0,5,SemIf-Qwen3.5-4B,affected_class_W2,accuracy cost at interpreter latency,0.0010469673702574024,0.0,0.0030270524618047933,76,0.0618,0.0010469673702574024,-0.0009319432815464187,0.0036554608794729733,76,0.37,False,False,False,latency cost at interpreter accuracy,-0.0204076348161426,-0.04087851649477551,-0.001869526750926845,76,0.0256,-0.0204076348161426,-0.04082351465914608,-0.00089094370241934,76,0.04,True,True,True,25.56837853274422,13,10.0,33
dp_r0p3_s60_u5,RQ2,0.3,60.0,5,AnyJev-L0,affected_class_W2,accuracy cost at interpreter latency,-0.0013133958751083898,-0.0098408262312847,0.007390790400358248,76,0.7434,-0.0013133958751083898,-0.014495082657094344,0.009586054291185014,76,0.868,False,False,False,latency cost at interpreter accuracy,-0.01337833057677038,-0.032866400168295354,0.004617951256551645,76,0.1504,-0.01337833057677038,-0.033167052555089366,0.0037058911774620136,76,0.1348,False,False,False,25.56837853274422,13,10.0,33
dp_r0p3_s60_u5,RQ2,0.3,60.0,5,Qwen3.5-4B-JSON,affected_class_W2,accuracy cost at interpreter latency,5.946752932195067e-05,-0.005305489459876903,0.004490242028178049,76,0.921,5.946752932195067e-05,-0.0055537434046520825,0.004930620832295585,76,0.9562,False,False,False,latency cost at interpreter accuracy,-0.017059765845217612,-0.04423930993764265,0.004157202522748156,76,0.1304,-0.017059765845217612,-0.04389076618646366,0.004845152025798765,76,0.154,False,False,False,25.56837853274422,13,10.0,33
dp_r1_s120_u5,RQ2,1.0,120.0,5,Jev-1.13.0,affected_class_W2,accuracy cost at interpreter latency,0.0,0.0,0.0,75,1.0,0.0,0.0,0.0,75,1.0,False,False,False,latency cost at interpreter accuracy,-0.028514603689201157,-0.04909701316404755,-0.006909695345623931,75,0.0086,-0.028514603689201157,-0.04962777323475537,-0.0048595129157345315,75,0.0228,True,True,True,11.71712177678048,9,10.0,10
dp_r1_s120_u5,RQ2,1.0,120.0,5,DeepSeek-V4.1-Flash,affected_class_W2,accuracy cost at interpreter latency,0.0,0.0,0.0,75,1.0,0.0,0.0,0.0,75,1.0,False,False,False,latency cost at interpreter accuracy,-0.04252338264109263,-0.06717092429063394,-0.019257347135178998,75,9.999000099990002e-05,-0.04252338264109263,-0.0678016969773678,-0.019236821604768386,75,0.0002,True,True,True,11.71712177678048,9,10.0,10
dp_r1_s120_u5,RQ2,1.0,120.0,5,GLM-5.3-Flash,affected_class_W2,accuracy cost at interpreter latency,0.0,0.0,0.0,75,1.0,0.0,0.0,0.0,75,1.0,False,False,False,latency cost at interpreter accuracy,0.004758579213874012,-0.0246968628800787,0.028208541102784517,75,0.772,0.004758579213874012,-0.023843466084111524,0.030371883522422243,75,0.7896,False,False,False,11.71712177678048,9,10.0,10
dp_r1_s120_u5,RQ2,1.0,120.0,5,Qwen3.8-Flash,affected_class_W2,accuracy cost at interpreter latency,0.0,0.0,0.0,75,1.0,0.0,0.0,0.0,75,1.0,False,False,False,latency cost at interpreter accuracy,0.0020453860126142644,-0.019289778184706046,0.02216029057275395,75,0.8494,0.0020453860126142644,-0.020888291414310988,0.026932908971997252,75,0.8846,False,False,False,11.71712177678048,9,10.0,10
dp_r1_s120_u5,RQ2,1.0,120.0,5,SemIf-Qwen3.5-4B,affected_class_W2,accuracy cost at interpreter latency,0.005479225312160741,-0.0011875990204667731,0.011981825686126131,75,0.1186,0.005479225312160741,-0.004226355718674396,0.015411264684391187,75,0.3304,False,False,False,latency cost at interpreter accuracy,-0.02380642587202095,-0.06351868051459007,0.00972033605055818,75,0.2758,-0.02380642587202095,-0.060415029691481124,0.01696359503463678,75,0.2584,False,False,False,11.71712177678048,9,10.0,10
dp_r1_s120_u5,RQ2,1.0,120.0,5,AnyJev-L0,affected_class_W2,accuracy cost at interpreter latency,0.015167779601459678,0.0020973460145682073,0.030585922167220673,75,0.0066,0.015167779601459678,0.0014324301061853215,0.030926017432955494,75,0.0162,True,True,True,latency cost at interpreter accuracy,-0.03309803658309466,-0.05391442275986289,-0.009096677003699058,75,0.0072,-0.03309803658309466,-0.05279705443092617,-0.010704732740987427,75,0.0042,True,True,True,11.71712177678048,9,10.0,10
dp_r1_s120_u5,RQ2,1.0,120.0,5,Qwen3.5-4B-JSON,affected_class_W2,accuracy cost at interpreter latency,0.00027891826175328925,-0.0033461252378667113,0.007115237027502976,75,0.9688,0.00027891826175328925,-0.007613783334163542,0.00733367471351121,75,0.9236,False,False,False,latency cost at interpreter accuracy,-0.014997896969436727,-0.03228790995600029,0.00651795453180832,75,0.1652,-0.014997896969436727,-0.026608252854806412,0.0016082729548859414,75,0.07,False,False,False,11.71712177678048,9,10.0,10
dp_r1_s3_u5,RQ2,1.0,3.0,5,Jev-1.13.0,affected_class_W2,accuracy cost at interpreter latency,0.0,0.0,0.0,71,1.0,0.0,0.0,0.0,71,1.0,False,False,False,latency cost at interpreter accuracy,-0.0005944524958609444,-0.0064108098042308555,0.004308478649326859,71,0.8182,-0.0005944524958609444,-0.0063255278379995734,0.004225402308878341,71,0.8434,False,False,False,10.0,11,10.0,10
dp_r1_s3_u5,RQ2,1.0,3.0,5,DeepSeek-V4.1-Flash,affected_class_W2,accuracy cost at interpreter latency,0.0,0.0,0.0,71,1.0,0.0,0.0,0.0,71,1.0,False,False,False,latency cost at interpreter accuracy,0.007257161852232272,0.0001283143949165074,0.013613893897487645,71,0.0454,0.007257161852232272,0.0001301555991891205,0.013773892293603835,71,0.0462,True,True,True,10.0,11,10.0,10
dp_r1_s3_u5,RQ2,1.0,3.0,5,GLM-5.3-Flash,affected_class_W2,accuracy cost at interpreter latency,-0.004530545745334478,-0.013955904304029303,0.0025594915195099022,71,0.331,-0.004530545745334478,-0.013886081587396966,0.002530059233094947,71,0.3284,False,False,False,latency cost at interpreter accuracy,0.00076425335228152,-0.007027278940422322,0.0087644529082029,71,0.8122,0.00076425335228152,-0.007018802107467784,0.008708920345527487,71,0.8158,False,False,False,10.0,11,10.0,10
dp_r1_s3_u5,RQ2,1.0,3.0,5,Qwen3.8-Flash,affected_class_W2,accuracy cost at interpreter latency,0.0,0.0,0.0,71,1.0,0.0,0.0,0.0,71,1.0,False,False,False,latency cost at interpreter accuracy,0.012164455263046811,0.0075519248333236425,0.016051897983755087,71,0.0002,0.012164455263046811,0.007553167077951558,0.01598702333294724,71,9.999000099990002e-05,True,True,True,10.0,11,10.0,10
dp_r1_s3_u5,RQ2,1.0,3.0,5,SemIf-Qwen3.5-4B,affected_class_W2,accuracy cost at interpreter latency,0.00028330237837280036,-0.0007054673721340407,0.0016094008730995035,71,0.7654,0.00028330237837280036,-0.0007326007326007346,0.0016094008730995035,71,0.7522,False,False,False,latency cost at interpreter accuracy,0.000729898036236063,-0.004216120809831994,0.006869497536776944,71,0.846,0.000729898036236063,-0.004233848874546101,0.006823501488305527,71,0.8384,False,False,False,10.0,11,10.0,10
dp_r1_s3_u5,RQ2,1.0,3.0,5,AnyJev-L0,affected_class_W2,accuracy cost at interpreter latency,0.0015976629004797994,-0.0021196703657641184,0.005667520337907239,71,0.376,0.0015976629004797994,-0.0020079370683809853,0.005659524185427917,71,0.3702,False,False,False,latency cost at interpreter accuracy,-0.007427291018840316,-0.013088887706169332,-0.00080998165412755,71,0.0294,-0.007427291018840316,-0.013054009161791254,-0.000887456091793789,71,0.0262,True,True,True,10.0,11,10.0,10
dp_r1_s3_u5,RQ2,1.0,3.0,5,Qwen3.5-4B-JSON,affected_class_W2,accuracy cost at interpreter latency,-0.00550481795200105,-0.009951682179353733,-0.0006453634085213028,71,0.025,-0.00550481795200105,-0.009934507438699511,-0.0006029541446208106,71,0.0244,True,True,True,latency cost at interpreter accuracy,-0.0032106449888140024,-0.009336941183816186,0.0031428112006236988,71,0.3096,-0.0032106449888140024,-0.009450779474185494,0.0031856368829583114,71,0.33,False,False,False,10.0,11,10.0,10
dp_r1_s60_u5,RQ2,1.0,60.0,5,Jev-1.13.0,affected_class_W2,accuracy cost at interpreter latency,0.0,0.0,0.0,75,1.0,0.0,0.0,0.0,75,1.0,False,False,False,latency cost at interpreter accuracy,-0.01840791350988022,-0.0399256178122435,0.0005877207239276752,75,0.0602,-0.01840791350988022,-0.03926031649722168,0.001567985596464999,75,0.0746,False,False,False,13.18686218590583,8,10.0,10
dp_r1_s60_u5,RQ2,1.0,60.0,5,DeepSeek-V4.1-Flash,affected_class_W2,accuracy cost at interpreter latency,-0.0016725650380112033,-0.008552924895519082,0.0027343846748552757,75,0.584,-0.0016725650380112033,-0.009118554360356705,0.004323932347853814,75,0.6182,False,False,False,latency cost at interpreter accuracy,-0.01428960724740147,-0.030716133994319966,0.001795065890482295,75,0.082,-0.01428960724740147,-0.030972643163624608,0.0041518452427311055,75,0.1356,False,False,False,13.18686218590583,8,10.0,10
dp_r1_s60_u5,RQ2,1.0,60.0,5,GLM-5.3-Flash,affected_class_W2,accuracy cost at interpreter latency,0.01055672102504638,-0.0009576684874889818,0.02280643423390937,75,0.079,0.01055672102504638,-0.001829409652594017,0.022149127522146136,75,0.0974,False,False,False,latency cost at interpreter accuracy,-0.014688158701001808,-0.038284206363610296,0.0030187190965557226,75,0.116,-0.014688158701001808,-0.035844171799219185,0.006201621172948332,75,0.1682,False,False,False,13.18686218590583,8,10.0,10
dp_r1_s60_u5,RQ2,1.0,60.0,5,Qwen3.8-Flash,affected_class_W2,accuracy cost at interpreter latency,0.0031300251884451395,-0.007860033734658997,0.013150007343414136,75,0.5876,0.0031300251884451395,-0.007822804513673657,0.011763054371813865,75,0.557,False,False,False,latency cost at interpreter accuracy,-0.004023568460679746,-0.022433915279644317,0.016277747653900162,75,0.6292,-0.004023568460679746,-0.02182501215031396,0.0155603387854797,75,0.6456,False,False,False,13.18686218590583,8,10.0,10
dp_r1_s60_u5,RQ2,1.0,60.0,5,SemIf-Qwen3.5-4B,affected_class_W2,accuracy cost at interpreter latency,0.0017631025296474376,-0.002876778214719102,0.00855447849030181,75,0.5696,0.0017631025296474376,-0.0026190585246597467,0.005893879930760412,75,0.4568,False,False,False,latency cost at interpreter accuracy,-0.007665357059095801,-0.014419317147225606,-0.002407525445939618,75,0.0032,-0.007665357059095801,-0.01487605614585032,-0.0013056234949041776,75,0.0178,True,True,True,13.18686218590583,8,10.0,10
dp_r1_s60_u5,RQ2,1.0,60.0,5,AnyJev-L0,affected_class_W2,accuracy cost at interpreter latency,-0.001432435876983819,-0.008567382224748857,0.006209093488110473,75,0.6834,-0.001432435876983819,-0.0090474597874169,0.006828350465158836,75,0.7124,False,False,False,latency cost at interpreter accuracy,-0.006867683328863106,-0.013719356021056516,0.0017708882841820641,75,0.11,-0.006867683328863106,-0.014297361918629483,0.002911351878575875,75,0.1728,False,False,False,13.18686218590583,8,10.0,10
dp_r1_s60_u5,RQ2,1.0,60.0,5,Qwen3.5-4B-JSON,affected_class_W2,accuracy cost at interpreter latency,0.0006220150081239858,-0.004842645523073161,0.0068960902855579684,75,0.8638,0.0006220150081239858,-0.004986091788200634,0.006514397899066629,75,0.8222,False,False,False,latency cost at interpreter accuracy,-0.003156068585689255,-0.013042429380014394,0.004254098069382048,75,0.4556,-0.003156068585689255,-0.015598366093990502,0.006633256409702581,75,0.5624,False,False,False,13.18686218590583,8,10.0,10
