design_point,rqs,rate_per_s,speed_kmh,ues_per_cell,interpreter,comparator,contrast_direction,affected_point,affected_ci_low,affected_ci_high,affected_n,affected_10s_point,affected_10s_ci_low,affected_10s_ci_high,affected_10s_n,network_point,network_ci_low,network_ci_high,network_n,network_10s_point,network_10s_ci_low,network_10s_ci_high,network_10s_n,affected_gap_point,affected_gap_ci_low,affected_gap_ci_high,affected_gap_n,affected_gap_p_raw,affected_gap_10s_point,affected_gap_10s_ci_low,affected_gap_10s_ci_high,affected_gap_10s_n,affected_gap_10s_p_raw,affected_gap_holm_family,affected_gap_p_holm,affected_gap_p_holm_10s,affected_gap_resolved_B,affected_gap_resolved_10s,affected_gap_resolved_both,network_gap_point,network_gap_ci_low,network_gap_ci_high,network_gap_n,network_gap_p_raw,network_gap_10s_point,network_gap_10s_ci_low,network_gap_10s_ci_high,network_gap_10s_n,network_gap_10s_p_raw,network_gap_holm_family,network_gap_p_holm,network_gap_p_holm_10s,network_gap_resolved_B,network_gap_resolved_10s,network_gap_resolved_both,block_s,n_blocks,block_10s_s,n_blocks_10s
dp_r0p1_s120_u5,RQ2,0.1,120.0,5,Jev-1.13.0,,,0.2745768827305593,0.24999327407343422,0.29877294021499434,77,0.2745768827305593,0.23728708309071775,0.3122261154556081,77,0.3141047619047619,0.290516717325228,0.33450588837685613,100,0.3141047619047619,0.30236939137357066,0.3249037350420329,100,,,,,,,,,,,,,,,,,,,,,,,,,,,,,,,,,106.60670594619674,9,10.0,100
dp_r0p1_s120_u5,RQ2,0.1,120.0,5,DeepSeek-V4.1-Flash,Jev-1.13.0,DeepSeek-V4.1-Flash - Jev-1.13.0,0.2981275255965414,0.2692016069288388,0.32203732106297134,77,0.2981275255965414,0.26216864806831164,0.33442453145984063,77,0.3235571428571429,0.299077543606491,0.345139911634757,100,0.3235571428571429,0.31162912118802666,0.3345750033861573,100,0.023550642865982085,0.009013556822908962,0.03682508752781855,77,0.001,0.023550642865982085,0.003236319005132636,0.048092250569466886,77,0.0206,,,,,,,0.009452380952380952,0.005922877450265088,0.0125275,100,9.999000099990002e-05,0.009452380952380952,0.00621258401115057,0.012535739319092118,100,9.999000099990002e-05,,,,,,,106.60670594619674,9,10.0,100
dp_r0p1_s120_u5,RQ2,0.1,120.0,5,GLM-5.3-Flash,Jev-1.13.0,GLM-5.3-Flash - Jev-1.13.0,0.29817798908475057,0.27532906324563083,0.31858008933631776,77,0.29817798908475057,0.2601795424905728,0.33720453008641244,77,0.3198809523809524,0.2988192807518144,0.33798504751953024,100,0.3198809523809524,0.3092132284849981,0.32994714623438026,100,0.023601106354191256,0.007882570609729597,0.03737779976449969,77,0.0046,0.023601106354191256,0.003334046879551147,0.04517425223296729,77,0.0216,,,,,,,0.005776190476190475,0.0005333191890617598,0.011879160266257034,100,0.0264,0.005776190476190475,0.002194897959183674,0.009376508150429981,100,0.0022,,,,,,,106.60670594619674,9,10.0,100
dp_r0p1_s120_u5,RQ2,0.1,120.0,5,Qwen3.8-Flash,Jev-1.13.0,Qwen3.8-Flash - Jev-1.13.0,0.3180693685746653,0.2989194611284667,0.3349115856251168,77,0.3180693685746653,0.27813890644993705,0.3584936416376544,77,0.3439000000000001,0.31609099878687713,0.3677547118380062,100,0.3439000000000001,0.3314806932773109,0.3558112167070218,100,0.043492485844105935,0.027482625901929788,0.05921216898534556,77,9.999000099990002e-05,0.043492485844105935,0.01694519529531422,0.07306060457622555,77,0.0016,,,,,,,0.029795238095238086,0.021491318620471444,0.03765538376966948,100,9.999000099990002e-05,0.029795238095238086,0.02506648809523809,0.034581210918710914,100,9.999000099990002e-05,,,,,,,106.60670594619674,9,10.0,100
dp_r0p1_s120_u5,RQ2,0.1,120.0,5,SemIf-Qwen3.5-4B,,,0.32541279289326724,0.30199695314554903,0.3474530694730931,77,0.32541279289326724,0.28624611524470467,0.3655045802740797,77,0.33747142857142853,0.32769127212000465,0.3460626596424011,100,0.33747142857142853,0.32919559082892413,0.3454074701358206,100,,,,,,,,,,,,,,,,,,,,,,,,,,,,,,,,,106.60670594619674,9,10.0,100
dp_r0p1_s120_u5,RQ2,0.1,120.0,5,AnyJev-L0,,,0.29519084705594256,0.2706842753157876,0.31279849958837896,77,0.29519084705594256,0.2592512085375742,0.33083435744778783,77,0.31206666666666666,0.2934282509157509,0.3277794075963719,100,0.31206666666666666,0.3021327549705449,0.32132887120950065,100,,,,,,,,,,,,,,,,,,,,,,,,,,,,,,,,,106.60670594619674,9,10.0,100
dp_r0p1_s120_u5,RQ2,0.1,120.0,5,Qwen3.5-4B-JSON,SemIf-Qwen3.5-4B,Qwen3.5-4B-JSON - SemIf-Qwen3.5-4B,0.2938809701362007,0.26878624620760366,0.3205374404588912,77,0.2938809701362007,0.2576090300923029,0.3301486414643298,77,0.3187,0.3025915750915751,0.3350010582010582,100,0.3187,0.3090169973676017,0.32817566845193336,100,-0.031531822757066556,-0.0613643458652969,0.00047710142304142775,77,0.054,-0.031531822757066556,-0.061680182884481675,-3.109568730075507e-05,77,0.0494,,,,,,,-0.018771428571428574,-0.029204661893272338,-0.00735779772010672,100,0.0002,-0.018771428571428574,-0.02533457613814757,-0.01199165155096283,100,9.999000099990002e-05,,,,,,,106.60670594619674,9,10.0,100
dp_r0p1_s3_u5,RQ2,0.1,3.0,5,Jev-1.13.0,,,0.23913368438933533,0.1951406735004236,0.2910704340184384,71,0.23913368438933533,0.19792163473256066,0.2796697432097267,71,0.22300952380952382,0.1902639751552795,0.2587503463715468,100,0.22300952380952382,0.21057218665768196,0.23663822751322747,100,,,,,,,,,,,,,,,,,,,,,,,,,,,,,,,,,134.72580815496843,7,10.0,100
dp_r0p1_s3_u5,RQ2,0.1,3.0,5,DeepSeek-V4.1-Flash,Jev-1.13.0,DeepSeek-V4.1-Flash - Jev-1.13.0,0.26147173323593964,0.21491244032612344,0.3142654834490713,71,0.26147173323593964,0.2213074449596706,0.3028167973324849,71,0.22596190476190478,0.1924689440993789,0.2606501035196687,100,0.22596190476190478,0.21339578823953823,0.23955487603543074,100,0.022338048846604293,0.007825414864921488,0.045121743940053444,71,9.999000099990002e-05,0.022338048846604293,-0.000122719414047321,0.05109220126916111,71,0.0518,primary_d10:H2,0.0011998800119988001,0.4662,True,False,False,0.0029523809523809503,-0.0021687821994318458,0.007447940738612086,100,0.2768,0.0029523809523809503,0.0004714669415269802,0.005402175823600466,100,0.021,,,,,,,134.72580815496843,7,10.0,100
dp_r0p1_s3_u5,RQ2,0.1,3.0,5,GLM-5.3-Flash,Jev-1.13.0,GLM-5.3-Flash - Jev-1.13.0,0.28645231919879804,0.24058419320405622,0.32865333872476726,71,0.28645231919879804,0.24950935715270392,0.3223136770244821,71,0.23730000000000004,0.20658627087198517,0.2642898913951546,100,0.23730000000000004,0.225680472383128,0.24898787702265365,100,0.0473186348094628,0.02110486589144767,0.06317505709415605,71,0.0014,0.0473186348094628,0.01931661570251932,0.07904917321950303,71,0.0004,primary_d10:H2,0.014,0.0048000000000000004,True,True,True,0.014290476190476192,-5.221345907890588e-18,0.028609523809523814,100,0.0504,0.014290476190476192,0.008224550660880247,0.020353814644137224,100,9.999000099990002e-05,,,,,,,134.72580815496843,7,10.0,100
dp_r0p1_s3_u5,RQ2,0.1,3.0,5,Qwen3.8-Flash,Jev-1.13.0,Qwen3.8-Flash - Jev-1.13.0,0.26418331303835335,0.2162744618395303,0.3222866522047506,71,0.26418331303835335,0.22961960629721462,0.2978976774482627,71,0.22249999999999998,0.1940498866213152,0.25255137844611525,100,0.22249999999999998,0.21144455570390153,0.234360049821059,100,0.025049628649018125,0.0016664430782397466,0.047351052520982435,71,0.0344,0.025049628649018125,-0.002959749416043413,0.05805787212040253,71,0.0822,primary_d10:H2,0.3096,0.6576,False,False,False,-0.0005095238095238114,-0.007361904761904765,0.006181491464510331,100,0.8778,-0.0005095238095238114,-0.0043966035667733164,0.0031236964629548715,100,0.7758,,,,,,,134.72580815496843,7,10.0,100
dp_r0p1_s3_u5,RQ2,0.1,3.0,5,SemIf-Qwen3.5-4B,,,0.23581414076456136,0.19503326960257164,0.28391898731450965,71,0.23581414076456136,0.1966002082628918,0.27448000806243494,71,0.21619047619047616,0.19102810856000982,0.24215873015873016,100,0.21619047619047616,0.2066142962339575,0.22621628996947363,100,,,,,,,,,,,,,,,,,,,,,,,,,,,,,,,,,134.72580815496843,7,10.0,100
dp_r0p1_s3_u5,RQ2,0.1,3.0,5,AnyJev-L0,,,0.2011443123538619,0.156713267837416,0.2596249194002003,71,0.2011443123538619,0.16117185127727846,0.24139663595019742,71,0.2081238095238095,0.1782140365056914,0.24167893217893205,100,0.2081238095238095,0.19679494382022472,0.22063828158796714,100,,,,,,,,,,,,,,,,,,,,,,,,,,,,,,,,,134.72580815496843,7,10.0,100
dp_r0p1_s3_u5,RQ2,0.1,3.0,5,Qwen3.5-4B-JSON,SemIf-Qwen3.5-4B,Qwen3.5-4B-JSON - SemIf-Qwen3.5-4B,0.21862203513935718,0.17453542539211822,0.27278441945372894,71,0.21862203513935718,0.17920033240412894,0.25545696974394977,71,0.21739523809523809,0.19124315212810786,0.24491044124071648,100,0.21739523809523809,0.2074711871433449,0.22805038507727654,100,-0.017192105625204217,-0.05199155741918901,0.01333061235172275,71,0.2892,-0.017192105625204217,-0.04913813006023827,0.013770915941484491,71,0.2808,primary_d10:H2,1.0,1.0,False,False,False,0.0012047619047619077,-0.0009568733153638779,0.0039183673469387805,100,0.3916,0.0012047619047619077,-0.001945370273323315,0.004782885269492412,100,0.492,,,,,,,134.72580815496843,7,10.0,100
dp_r0p1_s60_u5,RQ2,0.1,60.0,5,Jev-1.13.0,,,0.3092645659943023,0.26830210375979197,0.34626077241550735,73,0.3092645659943023,0.26701563141190104,0.3503725694680515,73,0.34432857142857143,0.32649193696980416,0.35831748167266136,100,0.34432857142857143,0.3337965742628664,0.3545765191032166,100,,,,,,,,,,,,,,,,,,,,,,,,,,,,,,,,,84.65692294408052,11,10.0,100
dp_r0p1_s60_u5,RQ2,0.1,60.0,5,DeepSeek-V4.1-Flash,Jev-1.13.0,DeepSeek-V4.1-Flash - Jev-1.13.0,0.2810913885219341,0.23971624456220625,0.3147653358826597,73,0.2810913885219341,0.24409804862781526,0.3178535127766296,73,0.3248523809523809,0.30590351430976437,0.3409899289274234,100,0.3248523809523809,0.31433440055315054,0.33538372990645715,100,-0.028173177472368204,-0.04286135060038162,-0.014886192433799033,73,0.0002,-0.028173177472368204,-0.04828625340958359,-0.008394777597234953,73,0.0034,,,,,,,-0.019476190476190477,-0.027812281891437453,-0.011926532955990323,100,9.999000099990002e-05,-0.019476190476190477,-0.02468095238095238,-0.013936651840743455,100,9.999000099990002e-05,,,,,,,84.65692294408052,11,10.0,100
dp_r0p1_s60_u5,RQ2,0.1,60.0,5,GLM-5.3-Flash,Jev-1.13.0,GLM-5.3-Flash - Jev-1.13.0,0.3198319679485053,0.2666691249755494,0.366484107762452,73,0.3198319679485053,0.2716549215527259,0.3674523069377428,73,0.3439,0.3236726660335925,0.3595616069158403,100,0.3439,0.33255078477174,0.35469933816001165,100,0.010567401954202997,-0.017003670617726046,0.032608541701260145,73,0.4388,0.010567401954202997,-0.015177904770057949,0.036739698093915675,73,0.4302,,,,,,,-0.0004285714285714287,-0.008751539513162985,0.00675990701391159,100,0.9078,-0.0004285714285714287,-0.005409961289068892,0.004793081161898757,100,0.8618,,,,,,,84.65692294408052,11,10.0,100
dp_r0p1_s60_u5,RQ2,0.1,60.0,5,Qwen3.8-Flash,Jev-1.13.0,Qwen3.8-Flash - Jev-1.13.0,0.2589776138088142,0.21760926938566652,0.29633355369004905,73,0.2589776138088142,0.21930898534809046,0.2983105467170887,73,0.30179047619047616,0.2874199363122997,0.3130234680693983,100,0.30179047619047616,0.29285654761904756,0.3105899910162653,100,-0.050286952185488135,-0.07524534320531458,-0.02465890693124009,73,9.999000099990002e-05,-0.050286952185488135,-0.08059228026800935,-0.02026812507077153,73,0.001,,,,,,,-0.04253809523809524,-0.05236316464257953,-0.03263322948328268,100,9.999000099990002e-05,-0.04253809523809524,-0.04852924297924297,-0.03669602541160573,100,9.999000099990002e-05,,,,,,,84.65692294408052,11,10.0,100
dp_r0p1_s60_u5,RQ2,0.1,60.0,5,SemIf-Qwen3.5-4B,,,0.2596696956823982,0.22222959210300575,0.2921391575243781,73,0.2596696956823982,0.2214253561557857,0.2985037845822294,73,0.31230476190476186,0.2948226542312662,0.32757088103911874,100,0.31230476190476186,0.3025703734359387,0.3218658325443579,100,,,,,,,,,,,,,,,,,,,,,,,,,,,,,,,,,84.65692294408052,11,10.0,100
dp_r0p1_s60_u5,RQ2,0.1,60.0,5,AnyJev-L0,,,0.25604773799102465,0.20670250848885258,0.2965160940354607,73,0.25604773799102465,0.21295924777308126,0.29680995797534654,73,0.3056333333333333,0.2914404761904762,0.3179862104133689,100,0.3056333333333333,0.2965305198166223,0.314587042436022,100,,,,,,,,,,,,,,,,,,,,,,,,,,,,,,,,,84.65692294408052,11,10.0,100
dp_r0p1_s60_u5,RQ2,0.1,60.0,5,Qwen3.5-4B-JSON,SemIf-Qwen3.5-4B,Qwen3.5-4B-JSON - SemIf-Qwen3.5-4B,0.30141873513464484,0.26166203702818497,0.33480340897057154,73,0.30141873513464484,0.2545647091144378,0.3488594221952415,73,0.34181428571428585,0.3233922508818342,0.3571393798069055,100,0.34181428571428585,0.33147232518818387,0.35155019888175915,100,0.04174903945224654,0.030632053429817386,0.05575834339318844,73,9.999000099990002e-05,0.04174903945224654,0.020514605107636818,0.06859025175603864,73,0.0002,,,,,,,0.02950952380952381,0.0240726285549834,0.035249713224645485,100,9.999000099990002e-05,0.02950952380952381,0.025796646628948615,0.03333883392550845,100,9.999000099990002e-05,,,,,,,84.65692294408052,11,10.0,100
dp_r0p3_s120_u5,RQ2,0.3,120.0,5,Jev-1.13.0,,,0.29136368689137254,0.24291240315248494,0.3414481887250455,81,0.29136368689137254,0.24482044925513297,0.34163014366737754,81,0.3233380952380952,0.31010987358506154,0.3353381891516296,100,0.3233380952380952,0.31031324612319156,0.3352619151621044,100,,,,,,,,,,,,,,,,,,,,,,,,,,,,,,,,,10.0,34,10.0,33
dp_r0p3_s120_u5,RQ2,0.3,120.0,5,DeepSeek-V4.1-Flash,Jev-1.13.0,DeepSeek-V4.1-Flash - Jev-1.13.0,0.3069533983844105,0.2572845361704358,0.35925628058631776,81,0.3069533983844105,0.25823445947892454,0.35913786124000824,81,0.3261,0.31355509882246924,0.3378841741316989,100,0.3261,0.31369965862933197,0.33771847704263575,100,0.015589711493037936,0.0035870221717598104,0.029222492349917514,81,0.0104,0.015589711493037936,0.003349781813252026,0.02915801230024543,81,0.0104,,,,,,,0.0027619047619047623,-0.0006244764947975512,0.006497354497354496,100,0.1118,0.0027619047619047623,-0.0006287648398630855,0.006564206062171706,100,0.1142,,,,,,,10.0,34,10.0,33
dp_r0p3_s120_u5,RQ2,0.3,120.0,5,GLM-5.3-Flash,Jev-1.13.0,GLM-5.3-Flash - Jev-1.13.0,0.28338728968125343,0.23483281419484395,0.332350467011411,81,0.28338728968125343,0.2365456253078779,0.33214827524467777,81,0.31624285714285716,0.30424762102734665,0.32766007065427794,100,0.31624285714285716,0.30439935064935064,0.3274331912691071,100,-0.007976397210119076,-0.024928319048682226,0.005839364417664081,81,0.283,-0.007976397210119076,-0.02457921806186578,0.005872969871177529,81,0.2828,,,,,,,-0.0070952380952380946,-0.01036430127606598,-0.0036700061842919033,100,9.999000099990002e-05,-0.0070952380952380946,-0.010340866316735227,-0.003666153091629193,100,0.0002,,,,,,,10.0,34,10.0,33
dp_r0p3_s120_u5,RQ2,0.3,120.0,5,Qwen3.8-Flash,Jev-1.13.0,Qwen3.8-Flash - Jev-1.13.0,0.3120514840574187,0.2690097671564465,0.357902715498976,81,0.3120514840574187,0.26953615931996694,0.3583482280976348,81,0.3269952380952381,0.3151278432797653,0.33802686138014526,100,0.3269952380952381,0.3154337031024531,0.3377015649405262,100,0.020687797166046223,-0.0037870790172660524,0.04673134724114918,81,0.0968,0.020687797166046223,-0.0033947569926620676,0.045931897876291525,81,0.0956,,,,,,,0.0036571428571428545,-0.0013198780465656916,0.00906873302680755,100,0.148,0.0036571428571428545,-0.001190476190476192,0.009125368848838236,100,0.1472,,,,,,,10.0,34,10.0,33
dp_r0p3_s120_u5,RQ2,0.3,120.0,5,SemIf-Qwen3.5-4B,,,0.3430668861966199,0.28978486346715576,0.40071406057680276,81,0.3430668861966199,0.2906058133596147,0.40027489149860557,81,0.3584761904761905,0.3443044381787803,0.3707906579457125,100,0.3584761904761905,0.344670183982684,0.37070637058561745,100,,,,,,,,,,,,,,,,,,,,,,,,,,,,,,,,,10.0,34,10.0,33
dp_r0p3_s120_u5,RQ2,0.3,120.0,5,AnyJev-L0,,,0.33463020522330494,0.28756498469919434,0.3814351057012415,81,0.33463020522330494,0.2887081559130323,0.381397794000121,81,0.3373095238095237,0.3248381054332142,0.3489626223296336,100,0.3373095238095237,0.32500980201863355,0.34877281374124164,100,,,,,,,,,,,,,,,,,,,,,,,,,,,,,,,,,10.0,34,10.0,33
dp_r0p3_s120_u5,RQ2,0.3,120.0,5,Qwen3.5-4B-JSON,SemIf-Qwen3.5-4B,Qwen3.5-4B-JSON - SemIf-Qwen3.5-4B,0.33555427860267845,0.28706936387229887,0.38695680462004983,81,0.33555427860267845,0.28780601472300765,0.3875240382391557,81,0.3579571428571428,0.34315573593073595,0.3712958366038723,100,0.3579571428571428,0.34355808881839806,0.3712698797965789,100,-0.007512607593941419,-0.024031974157966995,0.007643938794906661,81,0.3454,-0.007512607593941419,-0.02432645559107662,0.007239678741435986,81,0.3386,,,,,,,-0.0005190476190476195,-0.010476518130187854,0.009681233415351953,100,0.9278,-0.0005190476190476195,-0.01039130271779254,0.009772657762291909,100,0.928,,,,,,,10.0,34,10.0,33
dp_r0p3_s30_u5,RQ1,0.3,30.0,5,Jev-1.13.0,,,0.3500474957119467,0.29914735620365385,0.4023736214812099,74,0.3500474957119467,0.29270054536266615,0.40495597132447886,74,0.31170476190476193,0.26560748812074564,0.35917658730158725,100,0.31170476190476193,0.2873622881355932,0.3363351833756758,100,,,,,,,,,,,,,,,,,,,,,,,,,,,,,,,,,48.81676346203054,7,10.0,33
dp_r0p3_s30_u5,RQ1,0.3,30.0,5,DeepSeek-V4.1-Flash,Jev-1.13.0,DeepSeek-V4.1-Flash - Jev-1.13.0,0.35033405367566633,0.3004474716758682,0.397589480106237,74,0.35033405367566633,0.2972804145995469,0.4019604836758413,74,0.3051,0.26514880952380954,0.33989010989010987,100,0.3051,0.2845756234707322,0.3247888402198155,100,0.0002865579637195985,-0.014545643174304661,0.015477065271486349,74,0.9878,0.0002865579637195985,-0.01561975835504867,0.0162751483704521,74,0.9598,primary_d10:H1,1.0,0.9598,False,False,False,-0.006604761904761902,-0.021442048517520212,0.004573521716378863,100,0.3586,-0.006604761904761902,-0.014689507333960336,0.0005295975157888433,100,0.0724,primary_d10:H1,1.0,0.36200000000000004,False,False,False,48.81676346203054,7,10.0,33
dp_r0p3_s30_u5,RQ1,0.3,30.0,5,GLM-5.3-Flash,Jev-1.13.0,GLM-5.3-Flash - Jev-1.13.0,0.3255690463806948,0.2775016737011967,0.3698793558879106,74,0.3255690463806948,0.2737998731189556,0.3781071847934465,74,0.2851,0.2535757575757576,0.3111324404761905,100,0.2851,0.2680814642570511,0.30114112079410704,100,-0.024478449331252,-0.051327542800601124,-0.006275531258789523,74,0.0012,-0.024478449331252,-0.044237894969760216,-0.00562566719689933,74,0.0114,primary_d10:H1,0.0072,0.0684,True,False,False,-0.0266047619047619,-0.049373720516243884,-0.010298627925746566,100,9.999000099990002e-05,-0.0266047619047619,-0.038534182854522224,-0.01688412600672453,100,9.999000099990002e-05,primary_d10:H1,0.0007999200079992001,0.0007999200079992001,True,True,True,48.81676346203054,7,10.0,33
dp_r0p3_s30_u5,RQ1,0.3,30.0,5,Qwen3.8-Flash,Jev-1.13.0,Qwen3.8-Flash - Jev-1.13.0,0.34025947390893524,0.29237662765832584,0.3867558199416262,74,0.34025947390893524,0.2947724113982816,0.3849512360937957,74,0.3050619047619048,0.266763590391909,0.3367366585895378,100,0.3050619047619048,0.28479199735449734,0.3242961756419287,100,-0.009788021803011523,-0.02212968081330404,0.002319061275970905,74,0.1162,-0.009788021803011523,-0.03078612185061207,0.014718270534452634,74,0.4156,primary_d10:H1,0.581,0.8312,False,False,False,-0.00664285714285714,-0.024441102756892232,0.004974120082815741,100,0.5556,-0.00664285714285714,-0.016900484436198716,0.0020552657153086835,100,0.149,primary_d10:H1,1.0,0.44699999999999995,False,False,False,48.81676346203054,7,10.0,33
dp_r0p3_s30_u5,RQ1,0.3,30.0,5,SemIf-Qwen3.5-4B,,,0.340801919635643,0.30071457902472404,0.378155000114757,74,0.340801919635643,0.29037280793035697,0.39015092507743065,74,0.3029571428571429,0.2620119047619048,0.3438991596638656,100,0.3029571428571429,0.28087768247794986,0.3257057978363759,100,,,,,,,,,,,,,,,,,,,,,,,,,,,,,,,,,48.81676346203054,7,10.0,33
dp_r0p3_s30_u5,RQ1,0.3,30.0,5,AnyJev-L0,,,0.3496137959258527,0.29753615762883623,0.4011326222228932,74,0.3496137959258527,0.29212913374127375,0.4051907594306984,74,0.3160285714285714,0.27174891774891774,0.3550955938697318,100,0.3160285714285714,0.2927102229780802,0.33833444531658813,100,,,,,,,,,,,,,,,,,,,,,,,,,,,,,,,,,48.81676346203054,7,10.0,33
dp_r0p3_s30_u5,RQ1,0.3,30.0,5,Qwen3.5-4B-JSON,SemIf-Qwen3.5-4B,Qwen3.5-4B-JSON - SemIf-Qwen3.5-4B,0.3554048316281725,0.30820362399708945,0.4076151331590128,74,0.3554048316281725,0.30038947674941646,0.40959529986955756,74,0.3141095238095238,0.26812925170068025,0.36008116883116875,100,0.3141095238095238,0.2903329330286889,0.3389589433599527,100,0.01460291199252945,-0.003135345089265253,0.039711075001549634,74,0.1558,0.01460291199252945,-0.0027599132467964484,0.03201240667798926,74,0.0948,primary_d10:H1,0.6232,0.3792,False,False,False,0.011152380952380954,0.004598765432098766,0.019708994708994704,100,9.999000099990002e-05,0.011152380952380954,0.006083688180123013,0.017276806660434258,100,9.999000099990002e-05,primary_d10:H1,0.0007999200079992001,0.0007999200079992001,True,True,True,48.81676346203054,7,10.0,33
dp_r0p3_s3_u5,RQ2,0.3,3.0,5,Jev-1.13.0,,,0.2103723718972753,0.16337851272200898,0.2536523860459519,72,0.2103723718972753,0.16304398323691893,0.2536329730386453,72,0.16082857142857143,0.15670936813186812,0.1650316822751096,100,0.16082857142857143,0.15650595165655407,0.1650348281926407,100,,,,,,,,,,,,,,,,,,,,,,,,,,,,,,,,,10.0,34,10.0,33
dp_r0p3_s3_u5,RQ2,0.3,3.0,5,DeepSeek-V4.1-Flash,Jev-1.13.0,DeepSeek-V4.1-Flash - Jev-1.13.0,0.20905723641547316,0.1622230716595063,0.25192887158738464,72,0.20905723641547316,0.1625803850179875,0.25152202776145244,72,0.15995238095238096,0.15585377018160038,0.164353179994824,100,0.15995238095238096,0.15563831156318392,0.16448560535940043,100,-0.0013151354818021445,-0.007006806235322625,0.004583426698962417,72,0.6526,-0.0013151354818021445,-0.007049437519002736,0.004640470045827189,72,0.6426,,,,,,,-0.0008761904761904759,-0.003050667032163742,0.0013690643392188335,100,0.435,-0.0008761904761904759,-0.0031378567731440393,0.0014008453866983682,100,0.4502,,,,,,,10.0,34,10.0,33
dp_r0p3_s3_u5,RQ2,0.3,3.0,5,GLM-5.3-Flash,Jev-1.13.0,GLM-5.3-Flash - Jev-1.13.0,0.22768094257298177,0.18786968292363387,0.2657958025319263,72,0.22768094257298177,0.18793647892168958,0.2644587907093281,72,0.17452380952380955,0.16860194938190332,0.18113115181639666,100,0.17452380952380955,0.16823688577372697,0.18137731092436973,100,0.01730857067570644,0.00488299052867969,0.030971365105213356,72,0.003,0.01730857067570644,0.005059106631989142,0.031071184360430323,72,0.0036,,,,,,,0.013695238095238094,0.008357078029231496,0.01953271237960887,100,9.999000099990002e-05,0.013695238095238094,0.00843468238576435,0.019584733893557416,100,9.999000099990002e-05,,,,,,,10.0,34,10.0,33
dp_r0p3_s3_u5,RQ2,0.3,3.0,5,Qwen3.8-Flash,Jev-1.13.0,Qwen3.8-Flash - Jev-1.13.0,0.19895961027618034,0.15746175777085403,0.23979012509323608,72,0.19895961027618034,0.15820644472583972,0.23953790907992345,72,0.1551904761904762,0.15164753369272238,0.1586484305704489,100,0.1551904761904762,0.15141003966226246,0.15867550287356325,100,-0.011412761621094954,-0.04317699976332415,0.017000809116126017,72,0.4698,-0.011412761621094954,-0.0438151736396773,0.01762288753551001,72,0.4848,,,,,,,-0.005638095238095236,-0.008228386616743471,-0.003211217476681391,100,9.999000099990002e-05,-0.005638095238095236,-0.008229449254449251,-0.003106251887647237,100,9.999000099990002e-05,,,,,,,10.0,34,10.0,33
dp_r0p3_s3_u5,RQ2,0.3,3.0,5,SemIf-Qwen3.5-4B,,,0.21018303769752444,0.16945121867902793,0.24782137422874762,72,0.21018303769752444,0.17002380591160182,0.24692039835100643,72,0.16810000000000003,0.16366152711612295,0.17319869198901458,100,0.16810000000000003,0.1633385647737356,0.17346525809397834,100,,,,,,,,,,,,,,,,,,,,,,,,,,,,,,,,,10.0,34,10.0,33
dp_r0p3_s3_u5,RQ2,0.3,3.0,5,AnyJev-L0,,,0.20421335922784598,0.16695230830342297,0.24134241615777877,72,0.20421335922784598,0.16887758898832228,0.2403088144131727,72,0.17232857142857141,0.16841603754283666,0.17631853093143415,100,0.17232857142857141,0.16819455782312928,0.17661909827760894,100,,,,,,,,,,,,,,,,,,,,,,,,,,,,,,,,,10.0,34,10.0,33
dp_r0p3_s3_u5,RQ2,0.3,3.0,5,Qwen3.5-4B-JSON,SemIf-Qwen3.5-4B,Qwen3.5-4B-JSON - SemIf-Qwen3.5-4B,0.2143794431439299,0.16765678523853247,0.2567539737702219,72,0.2143794431439299,0.16772048673370224,0.25643913183010547,72,0.16784285714285715,0.16287740094918146,0.1733117484367484,100,0.16784285714285715,0.1625221057820068,0.1736261306553983,100,0.004196405446405444,-0.01602498103605942,0.0219189218472531,72,0.672,0.004196405446405444,-0.014342384910614075,0.020859765531403455,72,0.6708,,,,,,,-0.0002571428571428555,-0.004069858355713418,0.0035767040930084378,100,0.8822,-0.0002571428571428555,-0.004093470418470419,0.0036666988416988386,100,0.895,,,,,,,10.0,34,10.0,33
dp_r0p3_s60_u5,RQ2,0.3,60.0,5,Jev-1.13.0,,,0.33467191142254854,0.275508304694759,0.39871551972383984,76,0.33467191142254854,0.28210416763479773,0.3857262032497955,76,0.3203666666666667,0.29985325558794945,0.3354811868846917,100,0.3203666666666667,0.3067757238210818,0.33220596939087044,100,,,,,,,,,,,,,,,,,,,,,,,,,,,,,,,,,25.56837853274422,13,10.0,33
dp_r0p3_s60_u5,RQ2,0.3,60.0,5,DeepSeek-V4.1-Flash,Jev-1.13.0,DeepSeek-V4.1-Flash - Jev-1.13.0,0.32410259599086017,0.2579442751141658,0.39145381999991985,76,0.32410259599086017,0.2676076384234734,0.3776105707146615,76,0.30656190476190476,0.2895340187590188,0.3210231909822699,100,0.30656190476190476,0.2942034543687605,0.31779425568638575,100,-0.01056931543168838,-0.03197298471053735,0.00868406430660445,76,0.3096,-0.01056931543168838,-0.027419017942801487,0.004767132736357258,76,0.185,,,,,,,-0.013804761904761906,-0.021600496787688637,-0.0062723140869250975,100,9.999000099990002e-05,-0.013804761904761906,-0.01978284420729243,-0.00792110718386948,100,9.999000099990002e-05,,,,,,,25.56837853274422,13,10.0,33
dp_r0p3_s60_u5,RQ2,0.3,60.0,5,GLM-5.3-Flash,Jev-1.13.0,GLM-5.3-Flash - Jev-1.13.0,0.35313011708119013,0.2962766978142494,0.4109954508931168,76,0.35313011708119013,0.3044148388259417,0.3996344135325626,76,0.3210428571428572,0.3005694663645929,0.336178722020095,100,0.3210428571428572,0.3071058488612836,0.33290058604917094,100,0.018458205658641536,-0.004678403297320348,0.04089821155268893,76,0.116,0.018458205658641536,-0.004208144576628244,0.04264005834644624,76,0.1124,,,,,,,0.0006761904761904766,-0.006694960919247271,0.009771878006253006,100,0.893,0.0006761904761904766,-0.005754396629872554,0.00767715617715618,100,0.8636,,,,,,,25.56837853274422,13,10.0,33
dp_r0p3_s60_u5,RQ2,0.3,60.0,5,Qwen3.8-Flash,Jev-1.13.0,Qwen3.8-Flash - Jev-1.13.0,0.3466544031161726,0.2865001551154088,0.4053125793155142,76,0.3466544031161726,0.29719810776747985,0.3934677476981706,76,0.3150380952380953,0.29637280333997135,0.3300980647808189,100,0.3150380952380953,0.3017572387929531,0.32689409616383297,100,0.01198249169362409,-0.013657357362627966,0.03928995855226189,76,0.3672,0.01198249169362409,-0.009881270768642326,0.035758793591765994,76,0.29,,,,,,,-0.005328571428571429,-0.014285970302099335,0.003322535991140634,100,0.232,-0.005328571428571429,-0.012629216398546967,0.0019147039768288227,100,0.1542,,,,,,,25.56837853274422,13,10.0,33
dp_r0p3_s60_u5,RQ2,0.3,60.0,5,SemIf-Qwen3.5-4B,,,0.3440606861112652,0.2812045973878192,0.405371103871889,76,0.3440606861112652,0.2903932795630305,0.39494853855047346,76,0.3186095238095238,0.29791222543551604,0.33492108492881684,100,0.3186095238095238,0.304186507936508,0.3311450320036462,100,,,,,,,,,,,,,,,,,,,,,,,,,,,,,,,,,25.56837853274422,13,10.0,33
dp_r0p3_s60_u5,RQ2,0.3,60.0,5,AnyJev-L0,,,0.35072575570009007,0.28646870412533804,0.4130701084280237,76,0.35072575570009007,0.2956541645364359,0.40290229864252264,76,0.3202428571428571,0.3002122009431792,0.3359355703819989,100,0.3202428571428571,0.3064712728937729,0.33226565396385094,100,,,,,,,,,,,,,,,,,,,,,,,,,,,,,,,,,25.56837853274422,13,10.0,33
dp_r0p3_s60_u5,RQ2,0.3,60.0,5,Qwen3.5-4B-JSON,SemIf-Qwen3.5-4B,Qwen3.5-4B-JSON - SemIf-Qwen3.5-4B,0.3548244172462746,0.28923895482780604,0.41767785845094285,76,0.3548244172462746,0.29878823908314645,0.40786117458335674,76,0.32287142857142853,0.3031975969335103,0.33791524047635585,100,0.32287142857142853,0.30929761904761904,0.33454542144690663,100,0.010763731135009344,0.0038998947541645525,0.018030205800162295,76,0.002,0.010763731135009344,0.0008165835703556787,0.02175754867885421,76,0.035,,,,,,,0.004261904761904764,0.0017743939055559718,0.006476190476190475,100,0.0028,0.004261904761904764,0.0016491204864011889,0.0069659133778735075,100,0.0018,,,,,,,25.56837853274422,13,10.0,33
dp_r1_s120_u5,RQ2,1.0,120.0,5,Jev-1.13.0,,,0.32408043318292606,0.2805064103044295,0.3776696259374471,75,0.32408043318292606,0.27961881995505317,0.3761168985752268,75,0.3287571428571428,0.29668067226890754,0.35698412698412696,100,0.3287571428571428,0.2983878775831466,0.3576026364827218,100,,,,,,,,,,,,,,,,,,,,,,,,,,,,,,,,,11.71712177678048,9,10.0,10
dp_r1_s120_u5,RQ2,1.0,120.0,5,DeepSeek-V4.1-Flash,Jev-1.13.0,DeepSeek-V4.1-Flash - Jev-1.13.0,0.3100716542310346,0.27631526107527044,0.3499160890484389,75,0.3100716542310346,0.2782138640787151,0.3474597907161983,75,0.31902380952380954,0.2955357383357384,0.33895977808599165,100,0.31902380952380954,0.29629780206981465,0.3400107343415113,100,-0.014008778951891466,-0.042318238743133396,0.009450798702828767,75,0.2542,-0.014008778951891466,-0.042239669071524974,0.008685711312875601,75,0.2426,,,,,,,-0.009733333333333339,-0.018787612757731966,-0.0006920350291909993,100,0.0348,-0.009733333333333339,-0.018650045585244416,-0.0011928464419475723,100,0.025,,,,,,,11.71712177678048,9,10.0,10
dp_r1_s120_u5,RQ2,1.0,120.0,5,GLM-5.3-Flash,Jev-1.13.0,GLM-5.3-Flash - Jev-1.13.0,0.35735361608600125,0.3137252638626612,0.39821683501307586,75,0.35735361608600125,0.3136933178519432,0.397447819619727,75,0.3369904761904762,0.30801460113960116,0.35986488388458826,100,0.3369904761904762,0.30929643929643935,0.3604075036075036,100,0.033273182903075176,-0.010386111317806966,0.07130530169593838,75,0.1424,0.033273182903075176,-0.009459790469133323,0.0687872757618057,75,0.1208,,,,,,,0.008233333333333332,0.0007305194805194755,0.01484789828093399,100,0.0326,0.008233333333333332,-2.7080150241916684e-05,0.015179300703332168,100,0.0506,,,,,,,11.71712177678048,9,10.0,10
dp_r1_s120_u5,RQ2,1.0,120.0,5,Qwen3.8-Flash,Jev-1.13.0,Qwen3.8-Flash - Jev-1.13.0,0.35464042288474146,0.3046335089063829,0.4124697476985216,75,0.35464042288474146,0.3091988777212411,0.4034174345857742,75,0.3423761904761905,0.3097172387136673,0.36781419034903673,100,0.3423761904761905,0.3111852606333796,0.36767746878971375,100,0.030559989701815428,0.009827966138997259,0.04622290059817617,75,0.0064,0.030559989701815428,0.010589275874544238,0.047044674010843834,75,0.004,,,,,,,0.01361904761904762,0.005622489959839356,0.023276717571751468,100,9.999000099990002e-05,0.01361904761904762,0.0039774993330665585,0.023625861528822054,100,0.0028,,,,,,,11.71712177678048,9,10.0,10
dp_r1_s120_u5,RQ2,1.0,120.0,5,SemIf-Qwen3.5-4B,,,0.319379621323524,0.2569900262622913,0.3858362422561289,75,0.319379621323524,0.2615874061763087,0.38094382417798767,75,0.3293904761904763,0.30043498168498173,0.35506124084249086,100,0.3293904761904763,0.30230057551482786,0.35521674876847287,100,,,,,,,,,,,,,,,,,,,,,,,,,,,,,,,,,11.71712177678048,9,10.0,10
dp_r1_s120_u5,RQ2,1.0,120.0,5,AnyJev-L0,,,0.3004596158712136,0.2524223796442962,0.35621091175477687,75,0.3004596158712136,0.2557707271543116,0.3537756630745485,75,0.32045714285714283,0.29326744307404684,0.3442706924030912,100,0.32045714285714283,0.29448138114895084,0.3452173795407491,100,,,,,,,,,,,,,,,,,,,,,,,,,,,,,,,,,11.71712177678048,9,10.0,10
dp_r1_s120_u5,RQ2,1.0,120.0,5,Qwen3.5-4B-JSON,SemIf-Qwen3.5-4B,Qwen3.5-4B-JSON - SemIf-Qwen3.5-4B,0.335844984025067,0.29097337797870854,0.39138921066192006,75,0.335844984025067,0.29442261307417295,0.38758585455261363,75,0.33624285714285707,0.3031905147172137,0.36480168853255585,100,0.33624285714285707,0.30452380952380953,0.3657639163015302,100,0.016465362701543043,-0.019625038809857245,0.05646326092858153,75,0.463,0.016465362701543043,-0.02085978819463448,0.0552490798703726,75,0.4514,,,,,,,0.006852380952380952,-0.008322485536270584,0.02455020760541239,100,0.457,0.006852380952380952,-0.00796905516714314,0.023024277984681325,100,0.4226,,,,,,,11.71712177678048,9,10.0,10
dp_r1_s3_u5,RQ2,1.0,3.0,5,Jev-1.13.0,,,0.18598298415199824,0.16088964625118474,0.20479199410526874,71,0.18598298415199824,0.16112635278987528,0.20475665678156532,71,0.1735047619047619,0.1633732190349544,0.1836408475385143,100,0.1735047619047619,0.163471246729461,0.1835538505412359,100,,,,,,,,,,,,,,,,,,,,,,,,,,,,,,,,,10.0,11,10.0,10
dp_r1_s3_u5,RQ2,1.0,3.0,5,DeepSeek-V4.1-Flash,Jev-1.13.0,DeepSeek-V4.1-Flash - Jev-1.13.0,0.19165587346925375,0.16678939628651585,0.21133564582494882,71,0.19165587346925375,0.16668107316412403,0.21143004210862662,71,0.17256666666666665,0.16164174331207037,0.18358945143274702,100,0.17256666666666665,0.16177619047619046,0.18344290053404538,100,0.005672889317255512,0.0003672327176791436,0.010748033662765803,71,0.0366,0.005672889317255512,0.00029699927999560043,0.010741534344561689,71,0.0376,primary_d10:H2,0.3096,0.376,False,False,False,-0.000938095238095237,-0.0024146517439200374,0.00021687671628284368,100,0.1216,-0.000938095238095237,-0.002397840188707062,0.00022579889840100884,100,0.1278,,,,,,,10.0,11,10.0,10
dp_r1_s3_u5,RQ2,1.0,3.0,5,GLM-5.3-Flash,Jev-1.13.0,GLM-5.3-Flash - Jev-1.13.0,0.18969351071463747,0.16589553318705105,0.20851180586916884,71,0.18969351071463747,0.16632483427642009,0.20831478929567163,71,0.1716285714285714,0.16131130966246268,0.18137748109996688,100,0.1716285714285714,0.16143789390756302,0.18129364086474178,100,0.0037105265626392347,-0.004464473882282105,0.013123806373049069,71,0.3854,0.0037105265626392347,-0.004497670928041402,0.012921082354229346,71,0.3856,primary_d10:H2,1.0,1.0,False,False,False,-0.0018761904761904777,-0.003714285714285716,-6.059610887197275e-05,100,0.0432,-0.0018761904761904777,-0.003701847228253005,-8.485102618985213e-05,100,0.0404,,,,,,,10.0,11,10.0,10
dp_r1_s3_u5,RQ2,1.0,3.0,5,Qwen3.8-Flash,Jev-1.13.0,Qwen3.8-Flash - Jev-1.13.0,0.1965631668800683,0.17257955534049282,0.21518007679490406,71,0.1965631668800683,0.1729342096815614,0.21486435097489787,71,0.17335238095238092,0.16545689018464532,0.18122675554533965,100,0.17335238095238092,0.16537719060586695,0.18113493335028716,100,0.010580182728070047,0.004335627382551921,0.01758557322794164,71,0.0006,0.010580182728070047,0.004165007654444267,0.01770425174443031,71,0.001,primary_d10:H2,0.006599999999999999,0.011,True,True,True,-0.0001523809523809533,-0.0032645955847198315,0.003832301459909805,100,0.9094,-0.0001523809523809533,-0.003313701622033204,0.003791282642089092,100,0.896,,,,,,,10.0,11,10.0,10
dp_r1_s3_u5,RQ2,1.0,3.0,5,SemIf-Qwen3.5-4B,,,0.18508333802347884,0.16187241037258762,0.20607325153482792,71,0.18508333802347884,0.16175052014784155,0.20582236937938908,71,0.17171904761904763,0.16144422150882826,0.1818876549481813,100,0.17171904761904763,0.16150369149944824,0.1818864757614758,100,,,,,,,,,,,,,,,,,,,,,,,,,,,,,,,,,10.0,11,10.0,10
dp_r1_s3_u5,RQ2,1.0,3.0,5,AnyJev-L0,,,0.18338476664180892,0.16079024566013697,0.201004045985327,71,0.18338476664180892,0.1612198947810328,0.20081667666427938,71,0.17167142857142853,0.16199549504584443,0.18149765079365082,100,0.17167142857142853,0.16211950934219843,0.18144578344578347,100,,,,,,,,,,,,,,,,,,,,,,,,,,,,,,,,,10.0,11,10.0,10
dp_r1_s3_u5,RQ2,1.0,3.0,5,Qwen3.5-4B-JSON,SemIf-Qwen3.5-4B,Qwen3.5-4B-JSON - SemIf-Qwen3.5-4B,0.187904771285053,0.16478928413656235,0.2070168367563344,71,0.187904771285053,0.1645795135478835,0.20669795998343407,71,0.17264285714285715,0.1629194021948402,0.18216884266200234,100,0.17264285714285715,0.16283636717709038,0.1821551915859182,100,0.002821433261574107,-0.0025780490342990348,0.00835075483124301,71,0.3156,0.002821433261574107,-0.0025680938625650142,0.008472149472149462,71,0.321,primary_d10:H2,1.0,1.0,False,False,False,0.0009238095238095215,-0.00035499976214262385,0.0023058126084441865,100,0.1636,0.0009238095238095215,-0.0003614567289179859,0.0022727604028624417,100,0.1666,,,,,,,10.0,11,10.0,10
dp_r1_s60_u5,RQ2,1.0,60.0,5,Jev-1.13.0,,,0.34003005793742586,0.3020287391483195,0.37995826532717775,75,0.34003005793742586,0.3090415335872294,0.3703992294371713,75,0.30497142857142856,0.25956307234432235,0.34348500230600715,100,0.30497142857142856,0.2641511227410986,0.33967767489711936,100,,,,,,,,,,,,,,,,,,,,,,,,,,,,,,,,,13.18686218590583,8,10.0,10
dp_r1_s60_u5,RQ2,1.0,60.0,5,DeepSeek-V4.1-Flash,Jev-1.13.0,DeepSeek-V4.1-Flash - Jev-1.13.0,0.3458209292379158,0.3000284662785666,0.3980482208784359,75,0.3458209292379158,0.306180745386114,0.3879658519472024,75,0.3169714285714285,0.27049122807017545,0.3563742401215805,100,0.3169714285714285,0.2742545704051728,0.35292380952380953,100,0.005790871300489949,-0.003503470572782108,0.02000316452789722,75,0.2566,0.005790871300489949,-0.009253110920873752,0.023328873242227908,75,0.4176,primary_d10:H2,1.0,1.0,False,False,False,0.011999999999999997,0.009025552910052909,0.016454388984509467,100,9.999000099990002e-05,0.011999999999999997,0.00836087440824283,0.015431605489417986,100,9.999000099990002e-05,,,,,,,13.18686218590583,8,10.0,10
dp_r1_s60_u5,RQ2,1.0,60.0,5,GLM-5.3-Flash,Jev-1.13.0,GLM-5.3-Flash - Jev-1.13.0,0.33046678988502354,0.2869423575669709,0.38139720082640055,75,0.33046678988502354,0.2929502995811901,0.3692416758043583,75,0.3031142857142857,0.2625184094256259,0.3372545631665299,100,0.3031142857142857,0.26626728110599074,0.33423901054126576,100,-0.009563268052402351,-0.024684315795615887,0.005887881271693099,75,0.2054,-0.009563268052402351,-0.025288726803167218,0.009457795507936382,75,0.3088,primary_d10:H2,1.0,1.0,False,False,False,-0.001857142857142857,-0.008020870200557697,0.004984126984126985,100,0.641,-0.001857142857142857,-0.007309469937390789,0.004323859649122807,100,0.5608,,,,,,,13.18686218590583,8,10.0,10
dp_r1_s60_u5,RQ2,1.0,60.0,5,Qwen3.8-Flash,Jev-1.13.0,Qwen3.8-Flash - Jev-1.13.0,0.3449134954829907,0.30840457529582765,0.38836664695584733,75,0.3449134954829907,0.3118090840814469,0.380513489964305,75,0.3127857142857143,0.2701874366767984,0.3496393398268398,100,0.3127857142857143,0.27404966583124474,0.346391014739229,100,0.00488343754556485,-0.009924874503115669,0.01941224498921896,75,0.4852,0.00488343754556485,-0.010146306403892864,0.021655825569314117,75,0.505,primary_d10:H2,1.0,1.0,False,False,False,0.007814285714285713,0.002075645055261102,0.014907078157349898,100,0.0042,0.007814285714285713,0.0023416060815879044,0.013982991569833677,100,0.0018,,,,,,,13.18686218590583,8,10.0,10
dp_r1_s60_u5,RQ2,1.0,60.0,5,SemIf-Qwen3.5-4B,,,0.33547493268821343,0.2877931482040859,0.3868069415324795,75,0.33547493268821343,0.29563696702205616,0.3750835464778969,75,0.30398095238095235,0.2616096009207028,0.33961640211640215,100,0.30398095238095235,0.2650845146754354,0.3364836009174312,100,,,,,,,,,,,,,,,,,,,,,,,,,,,,,,,,,13.18686218590583,8,10.0,10
dp_r1_s60_u5,RQ2,1.0,60.0,5,AnyJev-L0,,,0.3430378649391287,0.29639712755181835,0.39651506137997566,75,0.3430378649391287,0.3030203634880685,0.38515448077605124,75,0.3083619047619047,0.2671179266433504,0.3422892032894983,100,0.3083619047619047,0.26987552064303977,0.3399067255768286,100,,,,,,,,,,,,,,,,,,,,,,,,,,,,,,,,,13.18686218590583,8,10.0,10
dp_r1_s60_u5,RQ2,1.0,60.0,5,Qwen3.5-4B-JSON,SemIf-Qwen3.5-4B,Qwen3.5-4B-JSON - SemIf-Qwen3.5-4B,0.338271605368571,0.2906995870513447,0.3890230601827714,75,0.338271605368571,0.2983420421399128,0.3777853702438057,75,0.3123142857142857,0.2659403354841304,0.35212110803084123,100,0.3123142857142857,0.26956074134199126,0.34844280690484425,100,0.0027966726803574896,-0.00473958412143869,0.01105484210653571,75,0.5154,0.0027966726803574896,-0.003857439980211333,0.009814344797247626,75,0.4548,primary_d10:H2,1.0,1.0,False,False,False,0.008333333333333333,0.0018372937449024362,0.014365188383045523,100,0.0002,0.008333333333333333,0.002422243442831675,0.014118318984844405,100,9.999000099990002e-05,,,,,,,13.18686218590583,8,10.0,10
