design_point,rqs,rate_per_s,speed_kmh,ues_per_cell,interpreter,run_id,rho,non_stationary,block_inference,block_s,n_blocks,affected_point,affected_ci_low,affected_ci_high,affected_n,network_point,network_ci_low,network_ci_high,network_n,prb_util_mean,share_enforced_within_1s,n_events
dp_rq3_anyjev_l0_r0p1_u5,RQ3,0.1,30.0,5,AnyJev-L0,rq3_e_r0p1_s30_n_anyjev_l0,0.01749042025899204,False,True,10.0,80,0.32110832360023733,0.2812359986146221,0.363488700807396,71,0.3111285714285714,0.2951361801628792,0.3252555359772775,100,0.8861358663988538,0.76,100
dp_rq3_anyjev_l0_r0p5_u5,RQ3,0.5,30.0,5,AnyJev-L0,rq3_e_r0p5_s30_n_anyjev_l0,0.1194009812133542,False,True,10.0,16,0.309235288519883,0.2561860247216259,0.36019083811289637,71,0.2805761904761905,0.2490374194414608,0.30666572647927093,100,0.8613375689370397,0.46,100
dp_rq3_anyjev_l0_r1_u20,RQ3,1.0,30.0,20,AnyJev-L0,rq3_scale_e_r1_s30_n_anyjev_l0,0.34723200428221995,False,True,10.0,10,0.8279393208014456,0.803698782889128,0.8482591731169833,71,0.6150666666666667,0.5923042583322045,0.634166994047619,100,0.9605695974025975,0.26,100
dp_rq3_anyjev_l0_r1_u5,RQ3,1.0,30.0,5,AnyJev-L0,rq3_e_r1_s30_n_anyjev_l0,0.34723200428221995,False,True,10.0,10,0.2987594299722713,0.25070790886147065,0.34193343980694135,71,0.23782380952380952,0.2150994930875576,0.2607179691410017,100,0.8923818138528138,0.26,100
dp_rq3_anyjev_l0_r2_u5,RQ3,2.0,30.0,5,AnyJev-L0,rq3_e_r2_s30_n_anyjev_l0,1.1686725110459761,True,False,10.0,10,0.28171925824613425,,,71,0.20515238095238097,,,100,0.8925705411255412,0.02,100
dp_rq3_deepseek_v4_1_flash_r0p1_u5,RQ3,0.1,30.0,5,DeepSeek-V4.1-Flash,rq3_e_r0p1_s30_n_deepseek_v4_1_flash,0.0201450919349057,False,True,10.0,80,0.29276395771348895,0.24583682344169894,0.34527677066465834,71,0.28472380952380955,0.2726167357834024,0.2956331236897275,100,0.8556125678342377,0.88,100
dp_rq3_deepseek_v4_1_flash_r0p5_u5,RQ3,0.5,30.0,5,DeepSeek-V4.1-Flash,rq3_e_r0p5_s30_n_deepseek_v4_1_flash,0.09535742586944253,False,True,10.0,16,0.31202271364319983,0.2559109146854551,0.3601580625719008,71,0.29210476190476187,0.25627124824255765,0.3230596577213562,100,0.8647375689370398,0.91,100
dp_rq3_deepseek_v4_1_flash_r1_u20,RQ3,1.0,30.0,20,DeepSeek-V4.1-Flash,rq3_scale_e_r1_s30_n_deepseek_v4_1_flash,0.220726166938742,False,True,10.0,10,0.8376909565836547,0.8052821346628022,0.8602609081532306,71,0.6140142857142858,0.5922218406593408,0.632160816102757,100,0.9573557792207792,0.99,100
dp_rq3_deepseek_v4_1_flash_r1_u5,RQ3,1.0,30.0,5,DeepSeek-V4.1-Flash,rq3_e_r1_s30_n_deepseek_v4_1_flash,0.220726166938742,False,True,10.0,10,0.28385104372621595,0.23353132637567758,0.33278019283873256,71,0.23761428571428575,0.21665926139920078,0.2616671075837743,100,0.8881687229437228,0.99,100
dp_rq3_deepseek_v4_1_flash_r2_u5,RQ3,2.0,30.0,5,DeepSeek-V4.1-Flash,rq3_e_r2_s30_n_deepseek_v4_1_flash,0.40344152910790093,False,True,10.0,10,0.2767486181217716,0.22893741595727937,0.3100111236281449,71,0.21115238095238095,0.20446578631452583,0.2301904761904762,100,0.8773835238095238,0.85,100
dp_rq3_glm_5_3_flash_r0p1_u5,RQ3,0.1,30.0,5,GLM-5.3-Flash,rq3_e_r0p1_s30_n_glm_5_3_flash,0.0388473183811487,False,True,10.0,80,0.27785897747153687,0.23746234556831722,0.3211678465256889,71,0.27370476190476195,0.26224629931245674,0.28422063724125124,100,0.854674016844034,0.24,100
dp_rq3_glm_5_3_flash_r0p5_u5,RQ3,0.5,30.0,5,GLM-5.3-Flash,rq3_e_r0p5_s30_n_glm_5_3_flash,0.2478368612739723,False,True,10.0,16,0.29077752877282415,0.24023452603871806,0.3396644708560139,71,0.2780095238095239,0.2503294086865515,0.3009393434179137,100,0.8668988690126257,0.05,100
dp_rq3_glm_5_3_flash_r1_u20,RQ3,1.0,30.0,20,GLM-5.3-Flash,rq3_scale_e_r1_s30_n_glm_5_3_flash,0.2320613074194019,False,True,10.0,10,0.8278410920142713,0.8008515665951135,0.8489297089680498,71,0.6134809523809522,0.5916148120640661,0.6312758778700873,100,0.9613244632034631,0.53,100
dp_rq3_glm_5_3_flash_r1_u5,RQ3,1.0,30.0,5,GLM-5.3-Flash,rq3_e_r1_s30_n_glm_5_3_flash,0.2320613074194019,False,True,10.0,10,0.2804916267254164,0.230884671717783,0.32661867205193906,71,0.23629999999999998,0.2163640472030396,0.2581987915175989,100,0.8782545367965368,0.53,100
dp_rq3_glm_5_3_flash_r2_u5,RQ3,2.0,30.0,5,GLM-5.3-Flash,rq3_e_r2_s30_n_glm_5_3_flash,0.3500043016175429,False,True,10.0,10,0.28489306862916786,0.22821088828810543,0.3236933767572065,71,0.21335238095238096,0.20542016806722693,0.22966666666666669,100,0.9044764025974027,0.91,100
dp_rq3_jev_1_13_0_r0p1_u5,RQ3,0.1,30.0,5,Jev-1.13.0,rq3_e_r0p1_s30_n_jev_1_13_0,0.007744908511716252,False,True,10.0,80,0.3043442897735623,0.26089527636602244,0.3526473884027586,71,0.2877619047619048,0.2749815270935961,0.29938964577089583,100,0.8560126653276012,1.0,100
dp_rq3_jev_1_13_0_r0p5_u5,RQ3,0.5,30.0,5,Jev-1.13.0,rq3_e_r0p5_s30_n_jev_1_13_0,0.03762708841667821,False,True,10.0,16,0.3044374816107874,0.2509662560875608,0.34997879177997315,71,0.2890809523809524,0.2556671634946114,0.3174970270800628,100,0.8760614764424287,1.0,100
dp_rq3_jev_1_13_0_r1_u20,RQ3,1.0,30.0,20,Jev-1.13.0,rq3_scale_e_r1_s30_n_jev_1_13_0,0.07401136869642262,False,True,10.0,10,0.8248616089225967,0.7996981023406348,0.8446066678392308,71,0.609259523809524,0.5885702862394958,0.6271299135220125,100,0.9634412857142857,1.0,100
dp_rq3_jev_1_13_0_r1_u5,RQ3,1.0,30.0,5,Jev-1.13.0,rq3_e_r1_s30_n_jev_1_13_0,0.07401136869642262,False,True,10.0,10,0.2833762876382742,0.23177328390663424,0.33256654252421186,71,0.23467142857142856,0.21498020849849372,0.2552184585174276,100,0.8805611341991341,1.0,100
dp_rq3_jev_1_13_0_r2_u5,RQ3,2.0,30.0,5,Jev-1.13.0,rq3_e_r2_s30_n_jev_1_13_0,0.1489254063786939,False,True,10.0,10,0.2808210657543721,0.22861735610974082,0.3184815574496425,71,0.21240000000000003,0.20447928765001935,0.23159523809523805,100,0.892365038961039,1.0,100
dp_rq3_qwen3_5_4b_json_r0p1_u5,RQ3,0.1,30.0,5,Qwen3.5-4B-JSON,rq3_e_r0p1_s30_n_qwen3_5_4b_json,0.01049001332690629,False,True,10.0,80,0.2926228182090177,0.24661472860952194,0.34351396546385526,71,0.29111904761904756,0.27692358429858427,0.304549942749377,100,0.8640280933587051,0.99,100
dp_rq3_qwen3_5_4b_json_r0p5_u5,RQ3,0.5,30.0,5,Qwen3.5-4B-JSON,rq3_e_r0p5_s30_n_qwen3_5_4b_json,0.05204698914448575,False,True,10.0,16,0.3086929299137489,0.25369365040666847,0.3602345867912636,71,0.28960952380952387,0.2578440176676161,0.3158382290729246,100,0.8733156966490301,1.0,100
dp_rq3_qwen3_5_4b_json_r1_u20,RQ3,1.0,30.0,20,Qwen3.5-4B-JSON,rq3_scale_e_r1_s30_n_qwen3_5_4b_json,0.10557485271284046,False,True,10.0,10,0.8328844801094326,0.8038442636529296,0.8558968137707644,71,0.6134202380952383,0.5940105181277057,0.6291332142857143,100,0.958633974025974,1.0,100
dp_rq3_qwen3_5_4b_json_r1_u5,RQ3,1.0,30.0,5,Qwen3.5-4B-JSON,rq3_e_r1_s30_n_qwen3_5_4b_json,0.10557485271284046,False,True,10.0,10,0.2866503615178936,0.23705195351443512,0.334685099452493,71,0.2390904761904762,0.2166768707482993,0.26388146879756474,100,0.8769553073593074,1.0,100
dp_rq3_qwen3_5_4b_json_r2_u5,RQ3,2.0,30.0,5,Qwen3.5-4B-JSON,rq3_e_r2_s30_n_qwen3_5_4b_json,0.2173349820318011,False,True,10.0,10,0.28617820609054984,0.2275595222828609,0.3235761875264697,71,0.21395714285714285,0.20563236047107014,0.22809523809523807,100,0.8911205454545453,1.0,100
dp_rq3_qwen3_8_flash_r0p1_u5,RQ3,0.1,30.0,5,Qwen3.8-Flash,rq3_e_r0p1_s30_n_qwen3_8_flash,0.05851371500967071,False,True,10.0,80,0.2971251295284478,0.2531018610915508,0.34245828038421416,71,0.2816952380952381,0.27048114951521846,0.2922283108416068,100,0.8570975109826862,0.0,100
dp_rq3_qwen3_8_flash_r0p5_u5,RQ3,0.5,30.0,5,Qwen3.8-Flash,rq3_e_r0p5_s30_n_qwen3_8_flash,0.2767090190233042,False,True,10.0,16,0.29234935479085566,0.2428971402060683,0.3438059790702278,71,0.2749666666666667,0.24686723020913295,0.2978320578231293,100,0.865427496430671,0.0,100
dp_rq3_qwen3_8_flash_r1_u20,RQ3,1.0,30.0,20,Qwen3.8-Flash,rq3_scale_e_r1_s30_n_qwen3_8_flash,0.5243915501842276,False,True,10.0,10,0.8274369260398036,0.8010412607886551,0.8495962817863036,71,0.6196440476190475,0.5975406132096531,0.6377126675913083,100,0.9625456147186148,0.0,100
dp_rq3_qwen3_8_flash_r1_u5,RQ3,1.0,30.0,5,Qwen3.8-Flash,rq3_e_r1_s30_n_qwen3_8_flash,0.5243915501842276,False,True,10.0,10,0.28502854324738874,0.23557339963471016,0.3310647437097418,71,0.23842857142857135,0.21762305713583366,0.2624726842791911,100,0.9012396277056277,0.0,100
dp_rq3_qwen3_8_flash_r2_u5,RQ3,2.0,30.0,5,Qwen3.8-Flash,rq3_e_r2_s30_n_qwen3_8_flash,1.0850313496636226,True,False,10.0,10,0.28786449224798183,,,71,0.20975714285714286,,,100,0.8900624502164504,0.0,100
dp_rq3_semif_qwen3_5_4b_r0p1_u5,RQ3,0.1,30.0,5,SemIf-Qwen3.5-4B,rq3_e_r0p1_s30_n_semif_qwen3_5_4b,0.01110785244735113,False,True,10.0,80,0.29163747346307034,0.2414067778577405,0.3458886119465206,71,0.2854809523809524,0.27351748133575465,0.29640782142730393,100,0.8581853019945029,0.96,100
dp_rq3_semif_qwen3_5_4b_r0p5_u5,RQ3,0.5,30.0,5,SemIf-Qwen3.5-4B,rq3_e_r0p5_s30_n_semif_qwen3_5_4b,0.039730552233716784,False,True,10.0,16,0.30105436525329476,0.24802510502190092,0.3497772717481899,71,0.28845238095238096,0.25411893874351416,0.3184573866385985,100,0.8701318804064836,1.0,100
dp_rq3_semif_qwen3_5_4b_r1_u20,RQ3,1.0,30.0,20,SemIf-Qwen3.5-4B,rq3_scale_e_r1_s30_n_semif_qwen3_5_4b,0.09533563995345806,False,True,10.0,10,0.8330325127059607,0.8017080250605896,0.8559816685965607,71,0.6156369047619047,0.5936620021795126,0.6325819225883125,100,0.9649746883116883,0.92,100
dp_rq3_semif_qwen3_5_4b_r1_u5,RQ3,1.0,30.0,5,SemIf-Qwen3.5-4B,rq3_e_r1_s30_n_semif_qwen3_5_4b,0.09533563995345806,False,True,10.0,10,0.29780018311195067,0.2504026790481549,0.3482072654574966,71,0.23532857142857147,0.2170837190546321,0.2566721209473503,100,0.9115367359307359,0.92,100
dp_rq3_semif_qwen3_5_4b_r2_u5,RQ3,2.0,30.0,5,SemIf-Qwen3.5-4B,rq3_e_r2_s30_n_semif_qwen3_5_4b,0.2607658662794468,False,True,10.0,10,0.2828913729848898,0.2281320111679059,0.3166344593974117,71,0.21215238095238098,0.2058982683982684,0.2292619047619048,100,0.8903085194805194,0.72,100
