run_id,chosen_root,kind,reason,binary_sha256,completed_at,other_copies
rq1_e_r0p3_s30_fixed_0_1,c2-runs/cluster-a,original,original complete,7e2268c1a756673a6367beb2cdd759c51568fa35d30233b7f379ee2d9e943221,2026-09-27T09:57:46.083745+00:00,
rq1_e_r0p3_s30_fixed_1,c2-runs/cluster-a,original,original complete,7e2268c1a756673a6367beb2cdd759c51568fa35d30233b7f379ee2d9e943221,2026-09-27T09:43:55.164807+00:00,
rq1_e_r0p3_s30_fixed_5,c2-runs/cluster-a,original,original complete,7e2268c1a756673a6367beb2cdd759c51568fa35d30233b7f379ee2d9e943221,2026-09-27T09:03:49.634723+00:00,
rq1_e_r0p3_s30_l_anyjev_l0,c2-runs/cluster-a,original,original complete,7e2268c1a756673a6367beb2cdd759c51568fa35d30233b7f379ee2d9e943221,2026-09-27T09:01:36.807721+00:00,
rq1_e_r0p3_s30_l_deepseek_v4_1_flash,c2-runs/cluster-a,original,original complete,7e2268c1a756673a6367beb2cdd759c51568fa35d30233b7f379ee2d9e943221,2026-09-27T09:36:53.966005+00:00,
rq1_e_r0p3_s30_l_glm_5_3_flash,c2-runs/cluster-a,original,original complete,7e2268c1a756673a6367beb2cdd759c51568fa35d30233b7f379ee2d9e943221,2026-09-27T10:22:53.989705+00:00,
rq1_e_r0p3_s30_l_jev_1_13_0,c2-runs/cluster-a,original,original complete,7e2268c1a756673a6367beb2cdd759c51568fa35d30233b7f379ee2d9e943221,2026-09-27T09:38:20.265106+00:00,
rq1_e_r0p3_s30_l_qwen3_5_4b_json,c2-runs/cluster-a,original,original complete,7e2268c1a756673a6367beb2cdd759c51568fa35d30233b7f379ee2d9e943221,2026-09-27T08:37:01.622117+00:00,
rq1_e_r0p3_s30_l_qwen3_8_flash,c2-runs/cluster-a,original,original complete,7e2268c1a756673a6367beb2cdd759c51568fa35d30233b7f379ee2d9e943221,2026-09-27T08:48:09.860854+00:00,
rq1_e_r0p3_s30_l_semif_qwen3_5_4b,c2-runs/cluster-a,original,original complete,7e2268c1a756673a6367beb2cdd759c51568fa35d30233b7f379ee2d9e943221,2026-09-27T10:24:37.189752+00:00,
rq1_e_r0p3_s30_no_update,c2-runs/cluster-a,original,original complete,7e2268c1a756673a6367beb2cdd759c51568fa35d30233b7f379ee2d9e943221,2026-09-27T08:34:10.347774+00:00,
rq1_e_r0p3_s30_oracle,c2-runs/cluster-a,original,original complete,7e2268c1a756673a6367beb2cdd759c51568fa35d30233b7f379ee2d9e943221,2026-09-27T09:22:08.898068+00:00,
rq2_e_r0p1_s120_fixed_0_1,c2-runs/m4-d7b,rerun,original INCOMPLETE; earliest of 2 complete rerun copies,32976335767682d2351eee8a57f07c8b591f7a5e36327c61cda874538c012bbd,2026-09-29T04:57:11.423089+00:00,c2-runs/cluster-b:original:INCOMPLETE;c2-runs/cluster-b-d7:rerun:PASS@2026-09-29T23:58:57.310476+00:00
rq2_e_r0p1_s120_fixed_1,c2-runs/m4-d7b,rerun,original INCOMPLETE; earliest of 2 complete rerun copies,32976335767682d2351eee8a57f07c8b591f7a5e36327c61cda874538c012bbd,2026-09-29T01:08:03.692467+00:00,c2-runs/cluster-b:original:INCOMPLETE;c2-runs/cluster-b-d7:rerun:PASS@2026-09-29T22:58:42.632031+00:00
rq2_e_r0p1_s120_fixed_5,c2-runs/cluster-b,original,original complete,bd1738b03a98303a92eaefef2ba862ef02d4964544760170fe8d6ca125818c45,2026-09-29T04:35:25.700827+00:00,c2-runs/cluster-b-d7:rerun:PASS@2026-09-30T00:42:43.745625+00:00
rq2_e_r0p1_s120_l_anyjev_l0,c2-runs/cluster-b,original,original complete,bd1738b03a98303a92eaefef2ba862ef02d4964544760170fe8d6ca125818c45,2026-09-29T04:40:59.592449+00:00,c2-runs/cluster-b-d7:rerun:PASS@2026-09-30T02:16:34.697162+00:00
rq2_e_r0p1_s120_l_deepseek_v4_1_flash,c2-runs/cluster-b,original,original complete,bd1738b03a98303a92eaefef2ba862ef02d4964544760170fe8d6ca125818c45,2026-09-28T23:10:20.483913+00:00,c2-runs/cluster-b-d7:rerun:PASS@2026-09-29T23:20:31.579443+00:00
rq2_e_r0p1_s120_l_glm_5_3_flash,c2-runs/cluster-b,original,original complete,bd1738b03a98303a92eaefef2ba862ef02d4964544760170fe8d6ca125818c45,2026-09-29T05:46:57.381235+00:00,c2-runs/m4-d7b:rerun:INCOMPLETE;c2-runs/cluster-b-d7:rerun:PASS@2026-09-29T23:47:25.383463+00:00
rq2_e_r0p1_s120_l_jev_1_13_0,c2-runs/cluster-b,original,original complete,bd1738b03a98303a92eaefef2ba862ef02d4964544760170fe8d6ca125818c45,2026-09-29T00:20:41.187723+00:00,c2-runs/cluster-b-d7:rerun:PASS@2026-09-30T01:53:29.287493+00:00
rq2_e_r0p1_s120_l_qwen3_5_4b_json,c2-runs/cluster-b,original,original complete,bd1738b03a98303a92eaefef2ba862ef02d4964544760170fe8d6ca125818c45,2026-09-29T02:49:50.857445+00:00,c2-runs/cluster-b-d7:rerun:PASS@2026-09-30T00:45:23.528403+00:00
rq2_e_r0p1_s120_l_qwen3_8_flash,c2-runs/cluster-b,original,original complete,bd1738b03a98303a92eaefef2ba862ef02d4964544760170fe8d6ca125818c45,2026-09-29T00:14:54.205999+00:00,c2-runs/cluster-b-d7:rerun:PASS@2026-09-29T22:10:53.541922+00:00
rq2_e_r0p1_s120_l_semif_qwen3_5_4b,c2-runs/m4-d7b,rerun,original INCOMPLETE; earliest of 2 complete rerun copies,32976335767682d2351eee8a57f07c8b591f7a5e36327c61cda874538c012bbd,2026-09-29T18:06:31.531185+00:00,c2-runs/cluster-b:original:INCOMPLETE;c2-runs/cluster-b-d7:rerun:PASS@2026-09-30T00:00:54.427977+00:00
rq2_e_r0p1_s120_no_update,c2-runs/cluster-b,original,original complete,bd1738b03a98303a92eaefef2ba862ef02d4964544760170fe8d6ca125818c45,2026-09-28T13:50:06.193727+00:00,c2-runs/cluster-b-d7:rerun:PASS@2026-09-29T23:52:20.738977+00:00
rq2_e_r0p1_s120_oracle,c2-runs/cluster-b,original,original complete,bd1738b03a98303a92eaefef2ba862ef02d4964544760170fe8d6ca125818c45,2026-09-28T15:08:46.356616+00:00,c2-runs/cluster-b-d7:rerun:PASS@2026-09-30T01:57:22.307456+00:00
rq2_e_r0p1_s3_fixed_0_1,c2-runs/cluster-b,original,original complete,bd1738b03a98303a92eaefef2ba862ef02d4964544760170fe8d6ca125818c45,2026-09-29T06:49:32.092674+00:00,
rq2_e_r0p1_s3_fixed_1,c2-runs/cluster-b,original,original complete,bd1738b03a98303a92eaefef2ba862ef02d4964544760170fe8d6ca125818c45,2026-09-29T04:48:08.062369+00:00,
rq2_e_r0p1_s3_fixed_5,c2-runs/cluster-b,original,original complete,bd1738b03a98303a92eaefef2ba862ef02d4964544760170fe8d6ca125818c45,2026-09-29T06:57:58.373613+00:00,
rq2_e_r0p1_s3_l_anyjev_l0,c2-runs/cluster-b,original,original complete,bd1738b03a98303a92eaefef2ba862ef02d4964544760170fe8d6ca125818c45,2026-09-29T06:54:38.263825+00:00,
rq2_e_r0p1_s3_l_deepseek_v4_1_flash,c2-runs/cluster-b,original,original complete,bd1738b03a98303a92eaefef2ba862ef02d4964544760170fe8d6ca125818c45,2026-09-29T05:08:19.881296+00:00,
rq2_e_r0p1_s3_l_glm_5_3_flash,c2-runs/cluster-b,original,original complete,bd1738b03a98303a92eaefef2ba862ef02d4964544760170fe8d6ca125818c45,2026-09-29T04:08:19.479221+00:00,
rq2_e_r0p1_s3_l_jev_1_13_0,c2-runs/cluster-b,original,original complete,bd1738b03a98303a92eaefef2ba862ef02d4964544760170fe8d6ca125818c45,2026-09-29T05:59:10.174326+00:00,
rq2_e_r0p1_s3_l_qwen3_5_4b_json,c2-runs/cluster-b,original,original complete,bd1738b03a98303a92eaefef2ba862ef02d4964544760170fe8d6ca125818c45,2026-09-29T07:40:50.393936+00:00,
rq2_e_r0p1_s3_l_qwen3_8_flash,c2-runs/cluster-b,original,original complete,bd1738b03a98303a92eaefef2ba862ef02d4964544760170fe8d6ca125818c45,2026-09-29T04:57:08.928798+00:00,
rq2_e_r0p1_s3_l_semif_qwen3_5_4b,c2-runs/cluster-b,original,original complete,bd1738b03a98303a92eaefef2ba862ef02d4964544760170fe8d6ca125818c45,2026-09-29T05:31:26.970868+00:00,
rq2_e_r0p1_s3_no_update,c2-runs/cluster-b,original,original complete,bd1738b03a98303a92eaefef2ba862ef02d4964544760170fe8d6ca125818c45,2026-09-29T18:50:00.431316+00:00,
rq2_e_r0p1_s3_oracle,c2-runs/cluster-b,original,original complete,bd1738b03a98303a92eaefef2ba862ef02d4964544760170fe8d6ca125818c45,2026-09-29T19:06:34.112596+00:00,
rq2_e_r0p1_s60_fixed_0_1,c2-runs/cluster-b,original,original complete,bd1738b03a98303a92eaefef2ba862ef02d4964544760170fe8d6ca125818c45,2026-09-29T02:47:34.501395+00:00,c2-runs/cluster-b-d7:rerun:PASS@2026-09-30T02:15:41.347626+00:00
rq2_e_r0p1_s60_fixed_1,c2-runs/cluster-b,original,original complete,bd1738b03a98303a92eaefef2ba862ef02d4964544760170fe8d6ca125818c45,2026-09-29T01:32:09.642156+00:00,c2-runs/cluster-b-d7:rerun:PASS@2026-09-30T01:49:06.386738+00:00
rq2_e_r0p1_s60_fixed_5,c2-runs/cluster-b,original,original complete,bd1738b03a98303a92eaefef2ba862ef02d4964544760170fe8d6ca125818c45,2026-09-29T07:18:46.394290+00:00,c2-runs/cluster-b-d7:rerun:INCOMPLETE
rq2_e_r0p1_s60_l_anyjev_l0,c2-runs/cluster-b,original,original complete,bd1738b03a98303a92eaefef2ba862ef02d4964544760170fe8d6ca125818c45,2026-09-29T08:18:17.238731+00:00,c2-runs/cluster-b-d7:rerun:INCOMPLETE
rq2_e_r0p1_s60_l_deepseek_v4_1_flash,c2-runs/cluster-b,original,original complete,bd1738b03a98303a92eaefef2ba862ef02d4964544760170fe8d6ca125818c45,2026-09-29T04:26:28.133051+00:00,c2-runs/cluster-b-d7:rerun:PASS@2026-09-29T23:49:29.139975+00:00
rq2_e_r0p1_s60_l_glm_5_3_flash,c2-runs/m4-d7b,rerun,original INCOMPLETE; earliest of 1 complete rerun copies,32976335767682d2351eee8a57f07c8b591f7a5e36327c61cda874538c012bbd,2026-09-29T21:39:39.070373+00:00,c2-runs/cluster-b:original:INCOMPLETE;c2-runs/cluster-b-d7:rerun:INCOMPLETE
rq2_e_r0p1_s60_l_jev_1_13_0,c2-runs/m4-d7b,rerun,original INCOMPLETE; earliest of 1 complete rerun copies,32976335767682d2351eee8a57f07c8b591f7a5e36327c61cda874538c012bbd,2026-09-29T19:50:20.367944+00:00,c2-runs/cluster-b:original:INCOMPLETE;c2-runs/cluster-b-d7:rerun:INCOMPLETE
rq2_e_r0p1_s60_l_qwen3_5_4b_json,c2-runs/m4-d7b,rerun,original INCOMPLETE; earliest of 1 complete rerun copies,32976335767682d2351eee8a57f07c8b591f7a5e36327c61cda874538c012bbd,2026-09-29T02:33:49.237875+00:00,c2-runs/cluster-b:original:INCOMPLETE;c2-runs/cluster-b-d7:rerun:INCOMPLETE
rq2_e_r0p1_s60_l_qwen3_8_flash,c2-runs/cluster-b,original,original complete,bd1738b03a98303a92eaefef2ba862ef02d4964544760170fe8d6ca125818c45,2026-09-28T15:22:13.947553+00:00,c2-runs/cluster-b-d7:rerun:PASS@2026-09-30T00:04:19.893738+00:00
rq2_e_r0p1_s60_l_semif_qwen3_5_4b,c2-runs/cluster-b,original,original complete,bd1738b03a98303a92eaefef2ba862ef02d4964544760170fe8d6ca125818c45,2026-09-28T14:46:27.201380+00:00,c2-runs/cluster-b-d7:rerun:INCOMPLETE
rq2_e_r0p1_s60_no_update,c2-runs/cluster-b,original,original complete,bd1738b03a98303a92eaefef2ba862ef02d4964544760170fe8d6ca125818c45,2026-09-28T14:46:17.812347+00:00,c2-runs/cluster-b-d7:rerun:INCOMPLETE
rq2_e_r0p1_s60_oracle,c2-runs/cluster-b,original,original complete,bd1738b03a98303a92eaefef2ba862ef02d4964544760170fe8d6ca125818c45,2026-09-28T17:19:43.588761+00:00,c2-runs/cluster-b-d7:rerun:PASS@2026-09-30T01:43:03.980245+00:00
rq2_e_r0p3_s120_fixed_0_1,c2-runs/cluster-a,original,original complete,7e2268c1a756673a6367beb2cdd759c51568fa35d30233b7f379ee2d9e943221,2026-09-27T05:43:32.503977+00:00,
rq2_e_r0p3_s120_fixed_1,c2-runs/cluster-a-d7b,rerun,original INCOMPLETE; earliest of 1 complete rerun copies,74d32e4687ff8ae9b6f338fe6ec216b063a74875f964776fe6fe9936f779d27f,2026-09-28T00:45:50.461955+00:00,c2-runs/cluster-a:original:INCOMPLETE
rq2_e_r0p3_s120_fixed_5,c2-runs/cluster-a,original,original complete,7e2268c1a756673a6367beb2cdd759c51568fa35d30233b7f379ee2d9e943221,2026-09-27T06:26:05.528634+00:00,
rq2_e_r0p3_s120_l_anyjev_l0,c2-runs/cluster-a,original,original complete,7e2268c1a756673a6367beb2cdd759c51568fa35d30233b7f379ee2d9e943221,2026-09-27T05:45:29.583291+00:00,
rq2_e_r0p3_s120_l_deepseek_v4_1_flash,c2-runs/cluster-a,original,original complete,7e2268c1a756673a6367beb2cdd759c51568fa35d30233b7f379ee2d9e943221,2026-09-27T05:53:31.188713+00:00,
rq2_e_r0p3_s120_l_glm_5_3_flash,c2-runs/cluster-a,original,original complete,7e2268c1a756673a6367beb2cdd759c51568fa35d30233b7f379ee2d9e943221,2026-09-27T06:01:51.823358+00:00,
rq2_e_r0p3_s120_l_jev_1_13_0,c2-runs/cluster-a,original,original complete,7e2268c1a756673a6367beb2cdd759c51568fa35d30233b7f379ee2d9e943221,2026-09-27T06:08:41.099116+00:00,
rq2_e_r0p3_s120_l_qwen3_5_4b_json,c2-runs/cluster-a,original,original complete,7e2268c1a756673a6367beb2cdd759c51568fa35d30233b7f379ee2d9e943221,2026-09-27T05:21:29.875086+00:00,
rq2_e_r0p3_s120_l_qwen3_8_flash,c2-runs/cluster-a-d7,rerun,original INCOMPLETE; earliest of 1 complete rerun copies,025d3dc420e0e9b33984a06d6fc96ce1353e6c243763d0274503e536a03edf7d,2026-09-27T10:47:27.789421+00:00,c2-runs/cluster-a:original:INCOMPLETE
rq2_e_r0p3_s120_l_semif_qwen3_5_4b,c2-runs/cluster-a,original,original complete,7e2268c1a756673a6367beb2cdd759c51568fa35d30233b7f379ee2d9e943221,2026-09-27T06:29:25.358922+00:00,
rq2_e_r0p3_s120_no_update,c2-runs/cluster-a,original,original complete,7e2268c1a756673a6367beb2cdd759c51568fa35d30233b7f379ee2d9e943221,2026-09-27T06:30:42.813060+00:00,
rq2_e_r0p3_s120_oracle,c2-runs/cluster-a,original,original complete,7e2268c1a756673a6367beb2cdd759c51568fa35d30233b7f379ee2d9e943221,2026-09-27T05:48:04.009539+00:00,
rq2_e_r0p3_s3_fixed_0_1,c2-runs/l40,original,original complete,a59ba72a0949acce9efa0f0009fc33164e7f6f2c2ed75aa91e3a32e096322a5f,2026-09-27T13:15:01.793463+00:00,
rq2_e_r0p3_s3_fixed_1,c2-runs/l40,original,original complete,a59ba72a0949acce9efa0f0009fc33164e7f6f2c2ed75aa91e3a32e096322a5f,2026-09-27T13:06:26.872640+00:00,
rq2_e_r0p3_s3_fixed_5,c2-runs/l40,original,original complete,a59ba72a0949acce9efa0f0009fc33164e7f6f2c2ed75aa91e3a32e096322a5f,2026-09-27T13:27:06.110186+00:00,
rq2_e_r0p3_s3_l_anyjev_l0,c2-runs/l40,original,original complete,a59ba72a0949acce9efa0f0009fc33164e7f6f2c2ed75aa91e3a32e096322a5f,2026-09-27T13:13:28.946688+00:00,
rq2_e_r0p3_s3_l_deepseek_v4_1_flash,c2-runs/l40,original,original complete,a59ba72a0949acce9efa0f0009fc33164e7f6f2c2ed75aa91e3a32e096322a5f,2026-09-27T13:12:42.874812+00:00,
rq2_e_r0p3_s3_l_glm_5_3_flash,c2-runs/l40,original,original complete,a59ba72a0949acce9efa0f0009fc33164e7f6f2c2ed75aa91e3a32e096322a5f,2026-09-27T13:05:53.063521+00:00,
rq2_e_r0p3_s3_l_jev_1_13_0,c2-runs/l40,original,original complete,a59ba72a0949acce9efa0f0009fc33164e7f6f2c2ed75aa91e3a32e096322a5f,2026-09-27T13:30:22.787686+00:00,
rq2_e_r0p3_s3_l_qwen3_5_4b_json,c2-runs/l40,original,original complete,a59ba72a0949acce9efa0f0009fc33164e7f6f2c2ed75aa91e3a32e096322a5f,2026-09-27T13:10:08.385082+00:00,
rq2_e_r0p3_s3_l_qwen3_8_flash,c2-runs/l40,original,original complete,a59ba72a0949acce9efa0f0009fc33164e7f6f2c2ed75aa91e3a32e096322a5f,2026-09-27T13:50:35.667874+00:00,
rq2_e_r0p3_s3_l_semif_qwen3_5_4b,c2-runs/l40,original,original complete,a59ba72a0949acce9efa0f0009fc33164e7f6f2c2ed75aa91e3a32e096322a5f,2026-09-27T12:21:09.751087+00:00,
rq2_e_r0p3_s3_no_update,c2-runs/l40,original,original complete,a59ba72a0949acce9efa0f0009fc33164e7f6f2c2ed75aa91e3a32e096322a5f,2026-09-27T13:32:47.584679+00:00,
rq2_e_r0p3_s3_oracle,c2-runs/l40,original,original complete,a59ba72a0949acce9efa0f0009fc33164e7f6f2c2ed75aa91e3a32e096322a5f,2026-09-27T13:31:41.855705+00:00,
rq2_e_r0p3_s60_fixed_0_1,c2-runs/cluster-a-d7,rerun,original INCOMPLETE; earliest of 1 complete rerun copies,025d3dc420e0e9b33984a06d6fc96ce1353e6c243763d0274503e536a03edf7d,2026-09-28T01:08:33.472742+00:00,c2-runs/cluster-a:original:INCOMPLETE
rq2_e_r0p3_s60_fixed_1,c2-runs/cluster-a,original,original complete,7e2268c1a756673a6367beb2cdd759c51568fa35d30233b7f379ee2d9e943221,2026-09-27T06:40:10.445271+00:00,
rq2_e_r0p3_s60_fixed_5,c2-runs/cluster-a,original,original complete,7e2268c1a756673a6367beb2cdd759c51568fa35d30233b7f379ee2d9e943221,2026-09-27T06:41:23.144799+00:00,
rq2_e_r0p3_s60_l_anyjev_l0,c2-runs/cluster-a,original,original complete,7e2268c1a756673a6367beb2cdd759c51568fa35d30233b7f379ee2d9e943221,2026-09-27T06:43:15.789555+00:00,
rq2_e_r0p3_s60_l_deepseek_v4_1_flash,c2-runs/cluster-a,original,original complete,7e2268c1a756673a6367beb2cdd759c51568fa35d30233b7f379ee2d9e943221,2026-09-27T07:17:44.143549+00:00,
rq2_e_r0p3_s60_l_glm_5_3_flash,c2-runs/cluster-a,original,original complete,7e2268c1a756673a6367beb2cdd759c51568fa35d30233b7f379ee2d9e943221,2026-09-27T07:04:37.910719+00:00,
rq2_e_r0p3_s60_l_jev_1_13_0,c2-runs/cluster-a,original,original complete,7e2268c1a756673a6367beb2cdd759c51568fa35d30233b7f379ee2d9e943221,2026-09-27T07:02:31.584497+00:00,
rq2_e_r0p3_s60_l_qwen3_5_4b_json,c2-runs/cluster-a,original,original complete,7e2268c1a756673a6367beb2cdd759c51568fa35d30233b7f379ee2d9e943221,2026-09-27T06:38:32.895997+00:00,
rq2_e_r0p3_s60_l_qwen3_8_flash,c2-runs/cluster-a,original,original complete,7e2268c1a756673a6367beb2cdd759c51568fa35d30233b7f379ee2d9e943221,2026-09-27T07:02:14.559685+00:00,
rq2_e_r0p3_s60_l_semif_qwen3_5_4b,c2-runs/cluster-a,original,original complete,7e2268c1a756673a6367beb2cdd759c51568fa35d30233b7f379ee2d9e943221,2026-09-27T06:35:08.150701+00:00,
rq2_e_r0p3_s60_no_update,c2-runs/cluster-a,original,original complete,7e2268c1a756673a6367beb2cdd759c51568fa35d30233b7f379ee2d9e943221,2026-09-27T06:32:33.337738+00:00,
rq2_e_r0p3_s60_oracle,c2-runs/cluster-a-d7,rerun,original INCOMPLETE; earliest of 1 complete rerun copies,025d3dc420e0e9b33984a06d6fc96ce1353e6c243763d0274503e536a03edf7d,2026-09-28T00:29:37.159758+00:00,c2-runs/cluster-a:original:INCOMPLETE
rq2_e_r1_s120_fixed_0_1,c2-runs/l40,original,original complete,a59ba72a0949acce9efa0f0009fc33164e7f6f2c2ed75aa91e3a32e096322a5f,2026-09-26T17:44:22.224144+00:00,
rq2_e_r1_s120_fixed_1,c2-runs/l40,original,original complete,a59ba72a0949acce9efa0f0009fc33164e7f6f2c2ed75aa91e3a32e096322a5f,2026-09-26T17:43:07.703184+00:00,
rq2_e_r1_s120_fixed_5,c2-runs/l40,original,original complete,a59ba72a0949acce9efa0f0009fc33164e7f6f2c2ed75aa91e3a32e096322a5f,2026-09-26T17:37:01.301941+00:00,
rq2_e_r1_s120_l_anyjev_l0,c2-runs/l40,original,original complete,a59ba72a0949acce9efa0f0009fc33164e7f6f2c2ed75aa91e3a32e096322a5f,2026-09-26T17:44:54.243458+00:00,
rq2_e_r1_s120_l_deepseek_v4_1_flash,c2-runs/l40,original,original complete,a59ba72a0949acce9efa0f0009fc33164e7f6f2c2ed75aa91e3a32e096322a5f,2026-09-26T17:46:17.868313+00:00,
rq2_e_r1_s120_l_glm_5_3_flash,c2-runs/l40,original,original complete,a59ba72a0949acce9efa0f0009fc33164e7f6f2c2ed75aa91e3a32e096322a5f,2026-09-26T17:41:11.413452+00:00,
rq2_e_r1_s120_l_jev_1_13_0,c2-runs/l40,original,original complete,a59ba72a0949acce9efa0f0009fc33164e7f6f2c2ed75aa91e3a32e096322a5f,2026-09-26T17:50:20.971744+00:00,
rq2_e_r1_s120_l_qwen3_5_4b_json,c2-runs/l40,original,original complete,a59ba72a0949acce9efa0f0009fc33164e7f6f2c2ed75aa91e3a32e096322a5f,2026-09-26T17:37:27.365192+00:00,
rq2_e_r1_s120_l_qwen3_8_flash,c2-runs/l40,original,original complete,a59ba72a0949acce9efa0f0009fc33164e7f6f2c2ed75aa91e3a32e096322a5f,2026-09-27T01:12:06.592092+00:00,
rq2_e_r1_s120_l_semif_qwen3_5_4b,c2-runs/l40,original,original complete,a59ba72a0949acce9efa0f0009fc33164e7f6f2c2ed75aa91e3a32e096322a5f,2026-09-27T01:02:49.252865+00:00,
rq2_e_r1_s120_no_update,c2-runs/l40,original,original complete,a59ba72a0949acce9efa0f0009fc33164e7f6f2c2ed75aa91e3a32e096322a5f,2026-09-27T01:09:58.106950+00:00,
rq2_e_r1_s120_oracle,c2-runs/l40,original,original complete,a59ba72a0949acce9efa0f0009fc33164e7f6f2c2ed75aa91e3a32e096322a5f,2026-09-27T01:18:00.519733+00:00,
rq2_e_r1_s3_fixed_0_1,c2-runs/m4,original,original complete,70abfed6ed24fb6493a4180ae54bc7f1cc33b4dedb426eb809bc4bee6de35106,2026-09-26T17:08:49.533733+00:00,
rq2_e_r1_s3_fixed_1,c2-runs/m4,original,original complete,70abfed6ed24fb6493a4180ae54bc7f1cc33b4dedb426eb809bc4bee6de35106,2026-09-26T17:05:11.740402+00:00,
rq2_e_r1_s3_fixed_5,c2-runs/m4,original,original complete,70abfed6ed24fb6493a4180ae54bc7f1cc33b4dedb426eb809bc4bee6de35106,2026-09-26T17:06:06.846849+00:00,
rq2_e_r1_s3_l_anyjev_l0,c2-runs/m4,original,original complete,70abfed6ed24fb6493a4180ae54bc7f1cc33b4dedb426eb809bc4bee6de35106,2026-09-26T17:06:44.778520+00:00,
rq2_e_r1_s3_l_deepseek_v4_1_flash,c2-runs/m4,original,original complete,70abfed6ed24fb6493a4180ae54bc7f1cc33b4dedb426eb809bc4bee6de35106,2026-09-26T17:09:47.259797+00:00,
rq2_e_r1_s3_l_glm_5_3_flash,c2-runs/m4,original,original complete,70abfed6ed24fb6493a4180ae54bc7f1cc33b4dedb426eb809bc4bee6de35106,2026-09-26T17:08:31.796462+00:00,
rq2_e_r1_s3_l_jev_1_13_0,c2-runs/m4,original,original complete,70abfed6ed24fb6493a4180ae54bc7f1cc33b4dedb426eb809bc4bee6de35106,2026-09-26T17:06:22.782778+00:00,
rq2_e_r1_s3_l_qwen3_5_4b_json,c2-runs/m4,original,original complete,70abfed6ed24fb6493a4180ae54bc7f1cc33b4dedb426eb809bc4bee6de35106,2026-09-26T17:07:24.846950+00:00,
rq2_e_r1_s3_l_qwen3_8_flash,c2-runs/m4,original,original complete,70abfed6ed24fb6493a4180ae54bc7f1cc33b4dedb426eb809bc4bee6de35106,2026-09-26T17:05:22.302780+00:00,
rq2_e_r1_s3_l_semif_qwen3_5_4b,c2-runs/m4,original,original complete,70abfed6ed24fb6493a4180ae54bc7f1cc33b4dedb426eb809bc4bee6de35106,2026-09-26T17:07:06.574279+00:00,
rq2_e_r1_s3_no_update,c2-runs/m4,original,original complete,70abfed6ed24fb6493a4180ae54bc7f1cc33b4dedb426eb809bc4bee6de35106,2026-09-26T17:08:52.714885+00:00,
rq2_e_r1_s3_oracle,c2-runs/m4,original,original complete,70abfed6ed24fb6493a4180ae54bc7f1cc33b4dedb426eb809bc4bee6de35106,2026-09-26T17:08:58.547047+00:00,
rq2_e_r1_s60_fixed_0_1,c2-runs/m4,original,original complete,70abfed6ed24fb6493a4180ae54bc7f1cc33b4dedb426eb809bc4bee6de35106,2026-09-27T03:58:59.671785+00:00,
rq2_e_r1_s60_fixed_1,c2-runs/m4,original,original complete,70abfed6ed24fb6493a4180ae54bc7f1cc33b4dedb426eb809bc4bee6de35106,2026-09-27T03:59:26.455219+00:00,
rq2_e_r1_s60_fixed_5,c2-runs/m4,original,original complete,70abfed6ed24fb6493a4180ae54bc7f1cc33b4dedb426eb809bc4bee6de35106,2026-09-27T03:55:24.581215+00:00,
rq2_e_r1_s60_l_anyjev_l0,c2-runs/m4,original,original complete,70abfed6ed24fb6493a4180ae54bc7f1cc33b4dedb426eb809bc4bee6de35106,2026-09-27T03:54:06.846600+00:00,
rq2_e_r1_s60_l_deepseek_v4_1_flash,c2-runs/m4,original,original complete,70abfed6ed24fb6493a4180ae54bc7f1cc33b4dedb426eb809bc4bee6de35106,2026-09-27T03:57:32.313251+00:00,
rq2_e_r1_s60_l_glm_5_3_flash,c2-runs/m4,original,original complete,70abfed6ed24fb6493a4180ae54bc7f1cc33b4dedb426eb809bc4bee6de35106,2026-09-27T03:56:04.606661+00:00,
rq2_e_r1_s60_l_jev_1_13_0,c2-runs/m4,original,original complete,70abfed6ed24fb6493a4180ae54bc7f1cc33b4dedb426eb809bc4bee6de35106,2026-09-27T04:04:57.694553+00:00,
rq2_e_r1_s60_l_qwen3_5_4b_json,c2-runs/m4,original,original complete,70abfed6ed24fb6493a4180ae54bc7f1cc33b4dedb426eb809bc4bee6de35106,2026-09-27T03:52:49.988778+00:00,
rq2_e_r1_s60_l_qwen3_8_flash,c2-runs/m4,original,original complete,70abfed6ed24fb6493a4180ae54bc7f1cc33b4dedb426eb809bc4bee6de35106,2026-09-27T03:55:37.788165+00:00,
rq2_e_r1_s60_l_semif_qwen3_5_4b,c2-runs/m4,original,original complete,70abfed6ed24fb6493a4180ae54bc7f1cc33b4dedb426eb809bc4bee6de35106,2026-09-27T03:59:58.082541+00:00,
rq2_e_r1_s60_no_update,c2-runs/m4,original,original complete,70abfed6ed24fb6493a4180ae54bc7f1cc33b4dedb426eb809bc4bee6de35106,2026-09-27T09:08:21.914389+00:00,
rq2_e_r1_s60_oracle,c2-runs/m4,original,original complete,70abfed6ed24fb6493a4180ae54bc7f1cc33b4dedb426eb809bc4bee6de35106,2026-09-27T08:59:29.711093+00:00,
rq1_p_10_r0p3_s30_l_anyjev_l0,c2-runs/cluster-a,original,original complete,7e2268c1a756673a6367beb2cdd759c51568fa35d30233b7f379ee2d9e943221,2026-09-27T10:21:08.536202+00:00,
rq1_p_10_r0p3_s30_l_deepseek_v4_1_flash,c2-runs/cluster-a,original,original complete,7e2268c1a756673a6367beb2cdd759c51568fa35d30233b7f379ee2d9e943221,2026-09-27T08:52:52.482765+00:00,
rq1_p_10_r0p3_s30_l_glm_5_3_flash,c2-runs/cluster-a,original,original complete,7e2268c1a756673a6367beb2cdd759c51568fa35d30233b7f379ee2d9e943221,2026-09-27T09:30:53.568408+00:00,
rq1_p_10_r0p3_s30_l_jev_1_13_0,c2-runs/cluster-a,original,original complete,7e2268c1a756673a6367beb2cdd759c51568fa35d30233b7f379ee2d9e943221,2026-09-27T09:08:46.720540+00:00,
rq1_p_10_r0p3_s30_l_qwen3_5_4b_json,c2-runs/cluster-a,original,original complete,7e2268c1a756673a6367beb2cdd759c51568fa35d30233b7f379ee2d9e943221,2026-09-27T09:32:18.762264+00:00,
rq1_p_10_r0p3_s30_l_qwen3_8_flash,c2-runs/cluster-a,original,original complete,7e2268c1a756673a6367beb2cdd759c51568fa35d30233b7f379ee2d9e943221,2026-09-27T09:22:03.694370+00:00,
rq1_p_10_r0p3_s30_l_semif_qwen3_5_4b,c2-runs/cluster-a,original,original complete,7e2268c1a756673a6367beb2cdd759c51568fa35d30233b7f379ee2d9e943221,2026-09-27T09:20:52.590830+00:00,
rq1_p_1_r0p3_s30_l_anyjev_l0,c2-runs/cluster-a,original,original complete,7e2268c1a756673a6367beb2cdd759c51568fa35d30233b7f379ee2d9e943221,2026-09-27T09:43:27.752638+00:00,
rq1_p_1_r0p3_s30_l_deepseek_v4_1_flash,c2-runs/cluster-a,original,original complete,7e2268c1a756673a6367beb2cdd759c51568fa35d30233b7f379ee2d9e943221,2026-09-27T09:16:42.369404+00:00,
rq1_p_1_r0p3_s30_l_glm_5_3_flash,c2-runs/cluster-a,original,original complete,7e2268c1a756673a6367beb2cdd759c51568fa35d30233b7f379ee2d9e943221,2026-09-27T08:37:38.297139+00:00,
rq1_p_1_r0p3_s30_l_jev_1_13_0,c2-runs/cluster-a,original,original complete,7e2268c1a756673a6367beb2cdd759c51568fa35d30233b7f379ee2d9e943221,2026-09-27T09:55:13.467976+00:00,
rq1_p_1_r0p3_s30_l_qwen3_5_4b_json,c2-runs/cluster-a,original,original complete,7e2268c1a756673a6367beb2cdd759c51568fa35d30233b7f379ee2d9e943221,2026-09-27T09:12:47.506696+00:00,
rq1_p_1_r0p3_s30_l_qwen3_8_flash,c2-runs/cluster-a,original,original complete,7e2268c1a756673a6367beb2cdd759c51568fa35d30233b7f379ee2d9e943221,2026-09-27T09:33:01.025340+00:00,
rq1_p_1_r0p3_s30_l_semif_qwen3_5_4b,c2-runs/cluster-a,original,original complete,7e2268c1a756673a6367beb2cdd759c51568fa35d30233b7f379ee2d9e943221,2026-09-27T10:00:23.934694+00:00,
rq2_e_r0p1_s120_a_anyjev_l0,c2-runs/m4-d7b,rerun,original INCOMPLETE; earliest of 2 complete rerun copies,32976335767682d2351eee8a57f07c8b591f7a5e36327c61cda874538c012bbd,2026-09-29T07:26:06.818010+00:00,c2-runs/cluster-b:original:INCOMPLETE;c2-runs/cluster-b-d7:rerun:PASS@2026-09-29T23:16:57.381455+00:00
rq2_e_r0p1_s120_a_deepseek_v4_1_flash,c2-runs/cluster-b,original,original complete,bd1738b03a98303a92eaefef2ba862ef02d4964544760170fe8d6ca125818c45,2026-09-29T04:59:40.939379+00:00,c2-runs/m4-d7b:rerun:INCOMPLETE;c2-runs/cluster-b-d7:rerun:INCOMPLETE
rq2_e_r0p1_s120_a_glm_5_3_flash,c2-runs/cluster-b,original,original complete,bd1738b03a98303a92eaefef2ba862ef02d4964544760170fe8d6ca125818c45,2026-09-29T00:19:17.684586+00:00,c2-runs/m4-d7b:rerun:INCOMPLETE;c2-runs/cluster-b-d7:rerun:INCOMPLETE
rq2_e_r0p1_s120_a_jev_1_13_0,c2-runs/cluster-b,original,original complete,bd1738b03a98303a92eaefef2ba862ef02d4964544760170fe8d6ca125818c45,2026-09-29T04:04:52.111953+00:00,c2-runs/cluster-b-d7:rerun:PASS@2026-09-30T01:49:00.564346+00:00
rq2_e_r0p1_s120_a_qwen3_5_4b_json,c2-runs/cluster-b,original,original complete,bd1738b03a98303a92eaefef2ba862ef02d4964544760170fe8d6ca125818c45,2026-09-29T02:45:14.372414+00:00,c2-runs/cluster-b-d7:rerun:PASS@2026-09-30T01:54:08.777555+00:00
rq2_e_r0p1_s120_a_qwen3_8_flash,c2-runs/cluster-b,original,original complete,bd1738b03a98303a92eaefef2ba862ef02d4964544760170fe8d6ca125818c45,2026-09-29T02:15:14.030343+00:00,c2-runs/cluster-b-d7:rerun:PASS@2026-09-30T02:14:35.260886+00:00
rq2_e_r0p1_s120_a_semif_qwen3_5_4b,c2-runs/cluster-b,original,original complete,bd1738b03a98303a92eaefef2ba862ef02d4964544760170fe8d6ca125818c45,2026-09-29T03:40:52.871077+00:00,c2-runs/cluster-b-d7:rerun:INCOMPLETE
rq2_e_r0p1_s120_n_anyjev_l0,c2-runs/m4-d7b,rerun,original INCOMPLETE; earliest of 2 complete rerun copies,32976335767682d2351eee8a57f07c8b591f7a5e36327c61cda874538c012bbd,2026-09-29T23:19:04.632056+00:00,c2-runs/cluster-b:original:INCOMPLETE;c2-runs/cluster-b-d7:rerun:PASS@2026-09-30T00:30:41.199621+00:00
rq2_e_r0p1_s120_n_deepseek_v4_1_flash,c2-runs/cluster-b,original,original complete,bd1738b03a98303a92eaefef2ba862ef02d4964544760170fe8d6ca125818c45,2026-09-29T00:14:45.136587+00:00,c2-runs/cluster-b-d7:rerun:PASS@2026-09-30T00:55:55.612025+00:00
rq2_e_r0p1_s120_n_glm_5_3_flash,c2-runs/cluster-b,original,original complete,bd1738b03a98303a92eaefef2ba862ef02d4964544760170fe8d6ca125818c45,2026-09-29T04:16:16.665806+00:00,c2-runs/cluster-b-d7:rerun:PASS@2026-09-30T02:01:55.352308+00:00
rq2_e_r0p1_s120_n_jev_1_13_0,c2-runs/cluster-b,original,original complete,bd1738b03a98303a92eaefef2ba862ef02d4964544760170fe8d6ca125818c45,2026-09-29T06:49:42.077184+00:00,c2-runs/m4-d7b:rerun:INCOMPLETE;c2-runs/cluster-b-d7:rerun:PASS@2026-09-30T01:03:40.673466+00:00
rq2_e_r0p1_s120_n_qwen3_5_4b_json,c2-runs/m4-d7b,rerun,original INCOMPLETE; earliest of 2 complete rerun copies,32976335767682d2351eee8a57f07c8b591f7a5e36327c61cda874538c012bbd,2026-09-29T06:41:06.041146+00:00,c2-runs/cluster-b:original:INCOMPLETE;c2-runs/cluster-b-d7:rerun:PASS@2026-09-30T00:45:55.301675+00:00
rq2_e_r0p1_s120_n_qwen3_8_flash,c2-runs/cluster-b,original,original complete,bd1738b03a98303a92eaefef2ba862ef02d4964544760170fe8d6ca125818c45,2026-09-28T15:07:15.801759+00:00,c2-runs/cluster-b-d7:rerun:PASS@2026-09-29T21:52:00.394642+00:00
rq2_e_r0p1_s120_n_semif_qwen3_5_4b,c2-runs/m4-d7b,rerun,original INCOMPLETE; earliest of 2 complete rerun copies,32976335767682d2351eee8a57f07c8b591f7a5e36327c61cda874538c012bbd,2026-09-29T15:15:26.619526+00:00,c2-runs/cluster-b:original:INCOMPLETE;c2-runs/cluster-b-d7:rerun:PASS@2026-09-30T00:56:19.171454+00:00
rq2_e_r0p1_s3_a_anyjev_l0,c2-runs/cluster-b,original,original complete,bd1738b03a98303a92eaefef2ba862ef02d4964544760170fe8d6ca125818c45,2026-09-29T07:27:02.665086+00:00,
rq2_e_r0p1_s3_a_deepseek_v4_1_flash,c2-runs/cluster-b,original,original complete,bd1738b03a98303a92eaefef2ba862ef02d4964544760170fe8d6ca125818c45,2026-09-29T06:45:57.754735+00:00,
rq2_e_r0p1_s3_a_glm_5_3_flash,c2-runs/cluster-b,original,original complete,bd1738b03a98303a92eaefef2ba862ef02d4964544760170fe8d6ca125818c45,2026-09-29T06:09:37.524548+00:00,
rq2_e_r0p1_s3_a_jev_1_13_0,c2-runs/cluster-b,original,original complete,bd1738b03a98303a92eaefef2ba862ef02d4964544760170fe8d6ca125818c45,2026-09-29T06:28:20.141651+00:00,
rq2_e_r0p1_s3_a_qwen3_5_4b_json,c2-runs/cluster-b,original,original complete,bd1738b03a98303a92eaefef2ba862ef02d4964544760170fe8d6ca125818c45,2026-09-29T06:25:27.991929+00:00,
rq2_e_r0p1_s3_a_qwen3_8_flash,c2-runs/cluster-b,original,original complete,bd1738b03a98303a92eaefef2ba862ef02d4964544760170fe8d6ca125818c45,2026-09-29T06:44:10.204252+00:00,
rq2_e_r0p1_s3_a_semif_qwen3_5_4b,c2-runs/cluster-b,original,original complete,bd1738b03a98303a92eaefef2ba862ef02d4964544760170fe8d6ca125818c45,2026-09-29T06:00:51.619878+00:00,
rq2_e_r0p1_s3_n_anyjev_l0,c2-runs/cluster-b,original,original complete,bd1738b03a98303a92eaefef2ba862ef02d4964544760170fe8d6ca125818c45,2026-09-29T18:15:32.867207+00:00,
rq2_e_r0p1_s3_n_deepseek_v4_1_flash,c2-runs/cluster-b,original,original complete,bd1738b03a98303a92eaefef2ba862ef02d4964544760170fe8d6ca125818c45,2026-09-29T17:44:18.131098+00:00,
rq2_e_r0p1_s3_n_glm_5_3_flash,c2-runs/cluster-b,original,original complete,bd1738b03a98303a92eaefef2ba862ef02d4964544760170fe8d6ca125818c45,2026-09-29T16:51:16.221060+00:00,
rq2_e_r0p1_s3_n_jev_1_13_0,c2-runs/cluster-b,original,original complete,bd1738b03a98303a92eaefef2ba862ef02d4964544760170fe8d6ca125818c45,2026-09-29T21:49:40.747411+00:00,
rq2_e_r0p1_s3_n_qwen3_5_4b_json,c2-runs/cluster-b,original,original complete,bd1738b03a98303a92eaefef2ba862ef02d4964544760170fe8d6ca125818c45,2026-09-29T21:54:44.686199+00:00,
rq2_e_r0p1_s3_n_qwen3_8_flash,c2-runs/cluster-b,original,original complete,bd1738b03a98303a92eaefef2ba862ef02d4964544760170fe8d6ca125818c45,2026-09-29T19:57:58.095501+00:00,
rq2_e_r0p1_s3_n_semif_qwen3_5_4b,c2-runs/cluster-b,original,original complete,bd1738b03a98303a92eaefef2ba862ef02d4964544760170fe8d6ca125818c45,2026-09-29T18:56:00.324377+00:00,
rq2_e_r0p1_s60_a_anyjev_l0,c2-runs/cluster-b,original,original complete,bd1738b03a98303a92eaefef2ba862ef02d4964544760170fe8d6ca125818c45,2026-09-29T06:45:22.620899+00:00,c2-runs/cluster-b-d7:rerun:INCOMPLETE
rq2_e_r0p1_s60_a_deepseek_v4_1_flash,c2-runs/cluster-b,original,original complete,bd1738b03a98303a92eaefef2ba862ef02d4964544760170fe8d6ca125818c45,2026-09-29T03:20:56.906559+00:00,c2-runs/cluster-b-d7:rerun:PASS@2026-09-30T00:42:38.385449+00:00
rq2_e_r0p1_s60_a_glm_5_3_flash,c2-runs/cluster-b,original,original complete,bd1738b03a98303a92eaefef2ba862ef02d4964544760170fe8d6ca125818c45,2026-09-29T08:30:57.240135+00:00,c2-runs/m4-d7b:rerun:INCOMPLETE;c2-runs/cluster-b-d7:rerun:PASS@2026-09-30T00:48:41.364029+00:00
rq2_e_r0p1_s60_a_jev_1_13_0,c2-runs/cluster-b,original,original complete,bd1738b03a98303a92eaefef2ba862ef02d4964544760170fe8d6ca125818c45,2026-09-29T07:18:58.251936+00:00,c2-runs/cluster-b-d7:rerun:PASS@2026-09-29T12:07:46.487321+00:00
rq2_e_r0p1_s60_a_qwen3_5_4b_json,c2-runs/cluster-b,original,original complete,bd1738b03a98303a92eaefef2ba862ef02d4964544760170fe8d6ca125818c45,2026-09-29T08:43:56.971588+00:00,c2-runs/m4-d7b:rerun:INCOMPLETE;c2-runs/cluster-b-d7:rerun:PASS@2026-09-29T10:47:09.512909+00:00
rq2_e_r0p1_s60_a_qwen3_8_flash,c2-runs/cluster-b,original,original complete,bd1738b03a98303a92eaefef2ba862ef02d4964544760170fe8d6ca125818c45,2026-09-29T03:09:02.323584+00:00,c2-runs/cluster-b-d7:rerun:PASS@2026-09-29T12:08:13.558711+00:00
rq2_e_r0p1_s60_a_semif_qwen3_5_4b,c2-runs/cluster-b,original,original complete,bd1738b03a98303a92eaefef2ba862ef02d4964544760170fe8d6ca125818c45,2026-09-29T05:54:28.107873+00:00,c2-runs/cluster-b-d7:rerun:PASS@2026-09-29T11:13:16.969278+00:00
rq2_e_r0p1_s60_n_anyjev_l0,c2-runs/cluster-b,original,original complete,bd1738b03a98303a92eaefef2ba862ef02d4964544760170fe8d6ca125818c45,2026-09-28T14:17:01.486651+00:00,c2-runs/cluster-b-d7:rerun:PASS@2026-09-29T11:08:50.883212+00:00
rq2_e_r0p1_s60_n_deepseek_v4_1_flash,c2-runs/cluster-b,original,original complete,bd1738b03a98303a92eaefef2ba862ef02d4964544760170fe8d6ca125818c45,2026-09-28T14:03:03.562957+00:00,c2-runs/cluster-b-d7:rerun:PASS@2026-09-29T09:55:22.426971+00:00
rq2_e_r0p1_s60_n_glm_5_3_flash,c2-runs/cluster-b,original,original complete,bd1738b03a98303a92eaefef2ba862ef02d4964544760170fe8d6ca125818c45,2026-09-28T15:07:52.648822+00:00,c2-runs/cluster-b-d7:rerun:PASS@2026-09-29T11:16:47.457667+00:00
rq2_e_r0p1_s60_n_jev_1_13_0,c2-runs/cluster-b-d7,rerun,original INCOMPLETE; earliest of 2 complete rerun copies,a4b41532ef82b3d34d288186fbb010db850f985a8bd1dfff7d9a7bc58e5712bc,2026-09-29T11:34:37.605947+00:00,c2-runs/cluster-b:original:INCOMPLETE;c2-runs/m4-d7b:rerun:PASS@2026-09-29T12:46:35.386233+00:00
rq2_e_r0p1_s60_n_qwen3_5_4b_json,c2-runs/m4-d7b,rerun,original INCOMPLETE; earliest of 2 complete rerun copies,32976335767682d2351eee8a57f07c8b591f7a5e36327c61cda874538c012bbd,2026-09-29T01:22:26.896398+00:00,c2-runs/cluster-b:original:INCOMPLETE;c2-runs/cluster-b-d7:rerun:PASS@2026-09-29T22:56:07.531828+00:00
rq2_e_r0p1_s60_n_qwen3_8_flash,c2-runs/cluster-b,original,original complete,bd1738b03a98303a92eaefef2ba862ef02d4964544760170fe8d6ca125818c45,2026-09-28T15:15:15.878389+00:00,c2-runs/cluster-b-d7:rerun:PASS@2026-09-29T11:09:44.984348+00:00
rq2_e_r0p1_s60_n_semif_qwen3_5_4b,c2-runs/cluster-b,original,original complete,bd1738b03a98303a92eaefef2ba862ef02d4964544760170fe8d6ca125818c45,2026-09-28T14:40:19.916476+00:00,c2-runs/cluster-b-d7:rerun:PASS@2026-09-29T11:31:51.223293+00:00
rq2_e_r0p3_s120_a_anyjev_l0,c2-runs/cluster-a,original,original complete,7e2268c1a756673a6367beb2cdd759c51568fa35d30233b7f379ee2d9e943221,2026-09-27T05:19:20.260007+00:00,
rq2_e_r0p3_s120_a_deepseek_v4_1_flash,c2-runs/cluster-a,original,original complete,7e2268c1a756673a6367beb2cdd759c51568fa35d30233b7f379ee2d9e943221,2026-09-27T06:10:03.282695+00:00,
rq2_e_r0p3_s120_a_glm_5_3_flash,c2-runs/cluster-a,original,original complete,7e2268c1a756673a6367beb2cdd759c51568fa35d30233b7f379ee2d9e943221,2026-09-27T05:27:04.807941+00:00,
rq2_e_r0p3_s120_a_jev_1_13_0,c2-runs/cluster-a,original,original complete,7e2268c1a756673a6367beb2cdd759c51568fa35d30233b7f379ee2d9e943221,2026-09-27T06:26:12.962013+00:00,
rq2_e_r0p3_s120_a_qwen3_5_4b_json,c2-runs/cluster-a,original,original complete,7e2268c1a756673a6367beb2cdd759c51568fa35d30233b7f379ee2d9e943221,2026-09-27T05:17:11.633125+00:00,
rq2_e_r0p3_s120_a_qwen3_8_flash,c2-runs/cluster-a,original,original complete,7e2268c1a756673a6367beb2cdd759c51568fa35d30233b7f379ee2d9e943221,2026-09-27T06:20:46.160595+00:00,
rq2_e_r0p3_s120_a_semif_qwen3_5_4b,c2-runs/cluster-a,original,original complete,7e2268c1a756673a6367beb2cdd759c51568fa35d30233b7f379ee2d9e943221,2026-09-27T06:28:50.535547+00:00,
rq2_e_r0p3_s120_n_anyjev_l0,c2-runs/cluster-a,original,original complete,7e2268c1a756673a6367beb2cdd759c51568fa35d30233b7f379ee2d9e943221,2026-09-27T05:47:15.416549+00:00,
rq2_e_r0p3_s120_n_deepseek_v4_1_flash,c2-runs/cluster-a,original,original complete,7e2268c1a756673a6367beb2cdd759c51568fa35d30233b7f379ee2d9e943221,2026-09-27T06:15:26.418083+00:00,
rq2_e_r0p3_s120_n_glm_5_3_flash,c2-runs/cluster-a,original,original complete,7e2268c1a756673a6367beb2cdd759c51568fa35d30233b7f379ee2d9e943221,2026-09-27T06:18:50.162646+00:00,
rq2_e_r0p3_s120_n_jev_1_13_0,c2-runs/cluster-a,original,original complete,7e2268c1a756673a6367beb2cdd759c51568fa35d30233b7f379ee2d9e943221,2026-09-27T06:25:24.749789+00:00,
rq2_e_r0p3_s120_n_qwen3_5_4b_json,c2-runs/cluster-a,original,original complete,7e2268c1a756673a6367beb2cdd759c51568fa35d30233b7f379ee2d9e943221,2026-09-27T06:13:51.797685+00:00,
rq2_e_r0p3_s120_n_qwen3_8_flash,c2-runs/cluster-a-d7,rerun,original INCOMPLETE; earliest of 1 complete rerun copies,025d3dc420e0e9b33984a06d6fc96ce1353e6c243763d0274503e536a03edf7d,2026-09-27T11:06:25.255825+00:00,c2-runs/cluster-a:original:INCOMPLETE
rq2_e_r0p3_s120_n_semif_qwen3_5_4b,c2-runs/cluster-a,original,original complete,7e2268c1a756673a6367beb2cdd759c51568fa35d30233b7f379ee2d9e943221,2026-09-27T05:38:19.786894+00:00,
rq2_e_r0p3_s30_a_anyjev_l0,c2-runs/cluster-a,original,original complete,7e2268c1a756673a6367beb2cdd759c51568fa35d30233b7f379ee2d9e943221,2026-09-27T09:37:07.325548+00:00,
rq2_e_r0p3_s30_a_deepseek_v4_1_flash,c2-runs/cluster-a,original,original complete,7e2268c1a756673a6367beb2cdd759c51568fa35d30233b7f379ee2d9e943221,2026-09-27T08:51:05.590901+00:00,
rq2_e_r0p3_s30_a_glm_5_3_flash,c2-runs/cluster-a,original,original complete,7e2268c1a756673a6367beb2cdd759c51568fa35d30233b7f379ee2d9e943221,2026-09-27T09:36:38.939529+00:00,
rq2_e_r0p3_s30_a_jev_1_13_0,c2-runs/cluster-a,original,original complete,7e2268c1a756673a6367beb2cdd759c51568fa35d30233b7f379ee2d9e943221,2026-09-27T09:46:28.298708+00:00,
rq2_e_r0p3_s30_a_qwen3_5_4b_json,c2-runs/cluster-a,original,original complete,7e2268c1a756673a6367beb2cdd759c51568fa35d30233b7f379ee2d9e943221,2026-09-27T09:16:26.743961+00:00,
rq2_e_r0p3_s30_a_qwen3_8_flash,c2-runs/cluster-a,original,original complete,7e2268c1a756673a6367beb2cdd759c51568fa35d30233b7f379ee2d9e943221,2026-09-27T09:32:09.269007+00:00,
rq2_e_r0p3_s30_a_semif_qwen3_5_4b,c2-runs/cluster-a,original,original complete,7e2268c1a756673a6367beb2cdd759c51568fa35d30233b7f379ee2d9e943221,2026-09-27T09:14:46.036604+00:00,
rq2_e_r0p3_s30_n_anyjev_l0,c2-runs/cluster-a,original,original complete,7e2268c1a756673a6367beb2cdd759c51568fa35d30233b7f379ee2d9e943221,2026-09-27T08:50:08.965073+00:00,
rq2_e_r0p3_s30_n_deepseek_v4_1_flash,c2-runs/cluster-a,original,original complete,7e2268c1a756673a6367beb2cdd759c51568fa35d30233b7f379ee2d9e943221,2026-09-27T09:47:32.429357+00:00,
rq2_e_r0p3_s30_n_glm_5_3_flash,c2-runs/cluster-a,original,original complete,7e2268c1a756673a6367beb2cdd759c51568fa35d30233b7f379ee2d9e943221,2026-09-27T09:11:21.996113+00:00,
rq2_e_r0p3_s30_n_jev_1_13_0,c2-runs/cluster-a,original,original complete,7e2268c1a756673a6367beb2cdd759c51568fa35d30233b7f379ee2d9e943221,2026-09-27T09:20:55.830060+00:00,
rq2_e_r0p3_s30_n_qwen3_5_4b_json,c2-runs/cluster-a,original,original complete,7e2268c1a756673a6367beb2cdd759c51568fa35d30233b7f379ee2d9e943221,2026-09-27T09:28:30.040683+00:00,
rq2_e_r0p3_s30_n_qwen3_8_flash,c2-runs/cluster-a,original,original complete,7e2268c1a756673a6367beb2cdd759c51568fa35d30233b7f379ee2d9e943221,2026-09-27T09:36:22.881043+00:00,
rq2_e_r0p3_s30_n_semif_qwen3_5_4b,c2-runs/cluster-a,original,original complete,7e2268c1a756673a6367beb2cdd759c51568fa35d30233b7f379ee2d9e943221,2026-09-27T10:17:38.614782+00:00,
rq2_e_r0p3_s3_a_anyjev_l0,c2-runs/l40,original,original complete,a59ba72a0949acce9efa0f0009fc33164e7f6f2c2ed75aa91e3a32e096322a5f,2026-09-27T21:06:33.964191+00:00,
rq2_e_r0p3_s3_a_deepseek_v4_1_flash,c2-runs/l40,original,original complete,a59ba72a0949acce9efa0f0009fc33164e7f6f2c2ed75aa91e3a32e096322a5f,2026-09-27T21:00:33.441155+00:00,
rq2_e_r0p3_s3_a_glm_5_3_flash,c2-runs/l40,original,original complete,a59ba72a0949acce9efa0f0009fc33164e7f6f2c2ed75aa91e3a32e096322a5f,2026-09-27T20:53:01.391073+00:00,
rq2_e_r0p3_s3_a_jev_1_13_0,c2-runs/l40,original,original complete,a59ba72a0949acce9efa0f0009fc33164e7f6f2c2ed75aa91e3a32e096322a5f,2026-09-27T21:03:57.540643+00:00,
rq2_e_r0p3_s3_a_qwen3_5_4b_json,c2-runs/l40,original,original complete,a59ba72a0949acce9efa0f0009fc33164e7f6f2c2ed75aa91e3a32e096322a5f,2026-09-28T04:01:26.485836+00:00,
rq2_e_r0p3_s3_a_qwen3_8_flash,c2-runs/l40,original,original complete,a59ba72a0949acce9efa0f0009fc33164e7f6f2c2ed75aa91e3a32e096322a5f,2026-09-28T04:15:25.231407+00:00,
rq2_e_r0p3_s3_a_semif_qwen3_5_4b,c2-runs/l40,original,original complete,a59ba72a0949acce9efa0f0009fc33164e7f6f2c2ed75aa91e3a32e096322a5f,2026-09-28T04:05:06.563405+00:00,
rq2_e_r0p3_s3_n_anyjev_l0,c2-runs/l40,original,original complete,a59ba72a0949acce9efa0f0009fc33164e7f6f2c2ed75aa91e3a32e096322a5f,2026-09-28T04:13:45.863293+00:00,
rq2_e_r0p3_s3_n_deepseek_v4_1_flash,c2-runs/l40,original,original complete,a59ba72a0949acce9efa0f0009fc33164e7f6f2c2ed75aa91e3a32e096322a5f,2026-09-28T13:39:49.008786+00:00,
rq2_e_r0p3_s3_n_glm_5_3_flash,c2-runs/l40,original,original complete,a59ba72a0949acce9efa0f0009fc33164e7f6f2c2ed75aa91e3a32e096322a5f,2026-09-28T14:37:37.462506+00:00,
rq2_e_r0p3_s3_n_jev_1_13_0,c2-runs/l40,original,original complete,a59ba72a0949acce9efa0f0009fc33164e7f6f2c2ed75aa91e3a32e096322a5f,2026-09-28T14:11:50.633656+00:00,
rq2_e_r0p3_s3_n_qwen3_5_4b_json,c2-runs/l40,original,original complete,a59ba72a0949acce9efa0f0009fc33164e7f6f2c2ed75aa91e3a32e096322a5f,2026-09-28T13:51:03.933851+00:00,
rq2_e_r0p3_s3_n_qwen3_8_flash,c2-runs/l40,original,original complete,a59ba72a0949acce9efa0f0009fc33164e7f6f2c2ed75aa91e3a32e096322a5f,2026-09-28T14:27:56.121794+00:00,
rq2_e_r0p3_s3_n_semif_qwen3_5_4b,c2-runs/l40,original,original complete,a59ba72a0949acce9efa0f0009fc33164e7f6f2c2ed75aa91e3a32e096322a5f,2026-09-28T13:37:30.001847+00:00,
rq2_e_r0p3_s60_a_anyjev_l0,c2-runs/cluster-a,original,original complete,7e2268c1a756673a6367beb2cdd759c51568fa35d30233b7f379ee2d9e943221,2026-09-27T06:56:50.077793+00:00,
rq2_e_r0p3_s60_a_deepseek_v4_1_flash,c2-runs/cluster-a,original,original complete,7e2268c1a756673a6367beb2cdd759c51568fa35d30233b7f379ee2d9e943221,2026-09-27T06:02:52.384003+00:00,
rq2_e_r0p3_s60_a_glm_5_3_flash,c2-runs/cluster-a,original,original complete,7e2268c1a756673a6367beb2cdd759c51568fa35d30233b7f379ee2d9e943221,2026-09-27T06:14:07.295019+00:00,
rq2_e_r0p3_s60_a_jev_1_13_0,c2-runs/cluster-a,original,original complete,7e2268c1a756673a6367beb2cdd759c51568fa35d30233b7f379ee2d9e943221,2026-09-27T06:22:51.386324+00:00,
rq2_e_r0p3_s60_a_qwen3_5_4b_json,c2-runs/cluster-a,original,original complete,7e2268c1a756673a6367beb2cdd759c51568fa35d30233b7f379ee2d9e943221,2026-09-27T06:17:24.267589+00:00,
rq2_e_r0p3_s60_a_qwen3_8_flash,c2-runs/cluster-a,original,original complete,7e2268c1a756673a6367beb2cdd759c51568fa35d30233b7f379ee2d9e943221,2026-09-27T06:18:04.567976+00:00,
rq2_e_r0p3_s60_a_semif_qwen3_5_4b,c2-runs/cluster-a,original,original complete,7e2268c1a756673a6367beb2cdd759c51568fa35d30233b7f379ee2d9e943221,2026-09-27T06:14:19.462054+00:00,
rq2_e_r0p3_s60_n_anyjev_l0,c2-runs/cluster-a,original,original complete,7e2268c1a756673a6367beb2cdd759c51568fa35d30233b7f379ee2d9e943221,2026-09-27T06:50:15.518389+00:00,
rq2_e_r0p3_s60_n_deepseek_v4_1_flash,c2-runs/cluster-a,original,original complete,7e2268c1a756673a6367beb2cdd759c51568fa35d30233b7f379ee2d9e943221,2026-09-27T07:19:29.693841+00:00,
rq2_e_r0p3_s60_n_glm_5_3_flash,c2-runs/cluster-a,original,original complete,7e2268c1a756673a6367beb2cdd759c51568fa35d30233b7f379ee2d9e943221,2026-09-27T06:34:16.801936+00:00,
rq2_e_r0p3_s60_n_jev_1_13_0,c2-runs/cluster-a,original,original complete,7e2268c1a756673a6367beb2cdd759c51568fa35d30233b7f379ee2d9e943221,2026-09-27T06:55:05.354654+00:00,
rq2_e_r0p3_s60_n_qwen3_5_4b_json,c2-runs/cluster-a,original,original complete,7e2268c1a756673a6367beb2cdd759c51568fa35d30233b7f379ee2d9e943221,2026-09-27T06:41:12.646995+00:00,
rq2_e_r0p3_s60_n_qwen3_8_flash,c2-runs/cluster-a,original,original complete,7e2268c1a756673a6367beb2cdd759c51568fa35d30233b7f379ee2d9e943221,2026-09-27T06:52:44.983594+00:00,
rq2_e_r0p3_s60_n_semif_qwen3_5_4b,c2-runs/cluster-a,original,original complete,7e2268c1a756673a6367beb2cdd759c51568fa35d30233b7f379ee2d9e943221,2026-09-27T06:57:11.760179+00:00,
rq2_e_r1_s120_a_anyjev_l0,c2-runs/l40,original,original complete,a59ba72a0949acce9efa0f0009fc33164e7f6f2c2ed75aa91e3a32e096322a5f,2026-09-27T20:48:59.731421+00:00,
rq2_e_r1_s120_a_deepseek_v4_1_flash,c2-runs/l40,original,original complete,a59ba72a0949acce9efa0f0009fc33164e7f6f2c2ed75aa91e3a32e096322a5f,2026-09-27T20:52:52.432884+00:00,
rq2_e_r1_s120_a_glm_5_3_flash,c2-runs/l40,original,original complete,a59ba72a0949acce9efa0f0009fc33164e7f6f2c2ed75aa91e3a32e096322a5f,2026-09-27T21:08:31.236780+00:00,
rq2_e_r1_s120_a_jev_1_13_0,c2-runs/l40,original,original complete,a59ba72a0949acce9efa0f0009fc33164e7f6f2c2ed75aa91e3a32e096322a5f,2026-09-27T21:01:05.665054+00:00,
rq2_e_r1_s120_a_qwen3_5_4b_json,c2-runs/l40,original,original complete,a59ba72a0949acce9efa0f0009fc33164e7f6f2c2ed75aa91e3a32e096322a5f,2026-09-27T21:03:51.585532+00:00,
rq2_e_r1_s120_a_qwen3_8_flash,c2-runs/l40,original,original complete,a59ba72a0949acce9efa0f0009fc33164e7f6f2c2ed75aa91e3a32e096322a5f,2026-09-27T21:19:31.250100+00:00,
rq2_e_r1_s120_a_semif_qwen3_5_4b,c2-runs/l40,original,original complete,a59ba72a0949acce9efa0f0009fc33164e7f6f2c2ed75aa91e3a32e096322a5f,2026-09-28T04:12:21.455309+00:00,
rq2_e_r1_s120_n_anyjev_l0,c2-runs/l40,original,original complete,a59ba72a0949acce9efa0f0009fc33164e7f6f2c2ed75aa91e3a32e096322a5f,2026-09-28T04:08:42.422482+00:00,
rq2_e_r1_s120_n_deepseek_v4_1_flash,c2-runs/l40,original,original complete,a59ba72a0949acce9efa0f0009fc33164e7f6f2c2ed75aa91e3a32e096322a5f,2026-09-28T04:15:11.105996+00:00,
rq2_e_r1_s120_n_glm_5_3_flash,c2-runs/l40,original,original complete,a59ba72a0949acce9efa0f0009fc33164e7f6f2c2ed75aa91e3a32e096322a5f,2026-09-28T04:18:22.149676+00:00,
rq2_e_r1_s120_n_jev_1_13_0,c2-runs/l40,original,original complete,a59ba72a0949acce9efa0f0009fc33164e7f6f2c2ed75aa91e3a32e096322a5f,2026-09-28T04:18:37.154313+00:00,
rq2_e_r1_s120_n_qwen3_5_4b_json,c2-runs/l40,original,original complete,a59ba72a0949acce9efa0f0009fc33164e7f6f2c2ed75aa91e3a32e096322a5f,2026-09-28T04:15:00.420778+00:00,
rq2_e_r1_s120_n_qwen3_8_flash,c2-runs/l40,original,original complete,a59ba72a0949acce9efa0f0009fc33164e7f6f2c2ed75aa91e3a32e096322a5f,2026-09-28T04:27:56.996821+00:00,
rq2_e_r1_s120_n_semif_qwen3_5_4b,c2-runs/l40,original,original complete,a59ba72a0949acce9efa0f0009fc33164e7f6f2c2ed75aa91e3a32e096322a5f,2026-09-28T04:18:33.703549+00:00,
rq2_e_r1_s3_a_anyjev_l0,c2-runs/m4,original,original complete,70abfed6ed24fb6493a4180ae54bc7f1cc33b4dedb426eb809bc4bee6de35106,2026-09-26T22:27:33.989385+00:00,
rq2_e_r1_s3_a_deepseek_v4_1_flash,c2-runs/m4,original,original complete,70abfed6ed24fb6493a4180ae54bc7f1cc33b4dedb426eb809bc4bee6de35106,2026-09-26T22:30:28.248818+00:00,
rq2_e_r1_s3_a_glm_5_3_flash,c2-runs/m4,original,original complete,70abfed6ed24fb6493a4180ae54bc7f1cc33b4dedb426eb809bc4bee6de35106,2026-09-26T22:32:37.822350+00:00,
rq2_e_r1_s3_a_jev_1_13_0,c2-runs/m4,original,original complete,70abfed6ed24fb6493a4180ae54bc7f1cc33b4dedb426eb809bc4bee6de35106,2026-09-26T22:29:58.354775+00:00,
rq2_e_r1_s3_a_qwen3_5_4b_json,c2-runs/m4,original,original complete,70abfed6ed24fb6493a4180ae54bc7f1cc33b4dedb426eb809bc4bee6de35106,2026-09-26T22:32:35.480938+00:00,
rq2_e_r1_s3_a_qwen3_8_flash,c2-runs/m4,original,original complete,70abfed6ed24fb6493a4180ae54bc7f1cc33b4dedb426eb809bc4bee6de35106,2026-09-26T22:27:49.875681+00:00,
rq2_e_r1_s3_a_semif_qwen3_5_4b,c2-runs/m4,original,original complete,70abfed6ed24fb6493a4180ae54bc7f1cc33b4dedb426eb809bc4bee6de35106,2026-09-26T22:33:25.428115+00:00,
rq2_e_r1_s3_n_anyjev_l0,c2-runs/m4,original,original complete,70abfed6ed24fb6493a4180ae54bc7f1cc33b4dedb426eb809bc4bee6de35106,2026-09-26T22:35:54.733330+00:00,
rq2_e_r1_s3_n_deepseek_v4_1_flash,c2-runs/m4,original,original complete,70abfed6ed24fb6493a4180ae54bc7f1cc33b4dedb426eb809bc4bee6de35106,2026-09-26T22:32:38.059461+00:00,
rq2_e_r1_s3_n_glm_5_3_flash,c2-runs/m4,original,original complete,70abfed6ed24fb6493a4180ae54bc7f1cc33b4dedb426eb809bc4bee6de35106,2026-09-26T22:33:17.472413+00:00,
rq2_e_r1_s3_n_jev_1_13_0,c2-runs/m4,original,original complete,70abfed6ed24fb6493a4180ae54bc7f1cc33b4dedb426eb809bc4bee6de35106,2026-09-26T22:35:50.580049+00:00,
rq2_e_r1_s3_n_qwen3_5_4b_json,c2-runs/m4,original,original complete,70abfed6ed24fb6493a4180ae54bc7f1cc33b4dedb426eb809bc4bee6de35106,2026-09-26T22:39:25.515774+00:00,
rq2_e_r1_s3_n_qwen3_8_flash,c2-runs/m4,original,original complete,70abfed6ed24fb6493a4180ae54bc7f1cc33b4dedb426eb809bc4bee6de35106,2026-09-27T04:13:17.767110+00:00,
rq2_e_r1_s3_n_semif_qwen3_5_4b,c2-runs/m4,original,original complete,70abfed6ed24fb6493a4180ae54bc7f1cc33b4dedb426eb809bc4bee6de35106,2026-09-27T04:25:10.465776+00:00,
rq2_e_r1_s60_a_anyjev_l0,c2-runs/m4,original,original complete,70abfed6ed24fb6493a4180ae54bc7f1cc33b4dedb426eb809bc4bee6de35106,2026-09-27T09:07:49.577570+00:00,
rq2_e_r1_s60_a_deepseek_v4_1_flash,c2-runs/m4,original,original complete,70abfed6ed24fb6493a4180ae54bc7f1cc33b4dedb426eb809bc4bee6de35106,2026-09-27T09:07:41.809611+00:00,
rq2_e_r1_s60_a_glm_5_3_flash,c2-runs/m4,original,original complete,70abfed6ed24fb6493a4180ae54bc7f1cc33b4dedb426eb809bc4bee6de35106,2026-09-27T09:04:50.720463+00:00,
rq2_e_r1_s60_a_jev_1_13_0,c2-runs/m4,original,original complete,70abfed6ed24fb6493a4180ae54bc7f1cc33b4dedb426eb809bc4bee6de35106,2026-09-27T09:08:34.193016+00:00,
rq2_e_r1_s60_a_qwen3_5_4b_json,c2-runs/m4,original,original complete,70abfed6ed24fb6493a4180ae54bc7f1cc33b4dedb426eb809bc4bee6de35106,2026-09-27T09:12:31.098883+00:00,
rq2_e_r1_s60_a_qwen3_8_flash,c2-runs/m4,original,original complete,70abfed6ed24fb6493a4180ae54bc7f1cc33b4dedb426eb809bc4bee6de35106,2026-09-27T09:06:35.433307+00:00,
rq2_e_r1_s60_a_semif_qwen3_5_4b,c2-runs/m4,original,original complete,70abfed6ed24fb6493a4180ae54bc7f1cc33b4dedb426eb809bc4bee6de35106,2026-09-27T09:12:17.155277+00:00,
rq2_e_r1_s60_n_anyjev_l0,c2-runs/m4,original,original complete,70abfed6ed24fb6493a4180ae54bc7f1cc33b4dedb426eb809bc4bee6de35106,2026-09-27T09:11:52.901030+00:00,
rq2_e_r1_s60_n_deepseek_v4_1_flash,c2-runs/m4,original,original complete,70abfed6ed24fb6493a4180ae54bc7f1cc33b4dedb426eb809bc4bee6de35106,2026-09-27T09:22:04.758796+00:00,
rq2_e_r1_s60_n_glm_5_3_flash,c2-runs/m4,original,original complete,70abfed6ed24fb6493a4180ae54bc7f1cc33b4dedb426eb809bc4bee6de35106,2026-09-27T09:29:28.030688+00:00,
rq2_e_r1_s60_n_jev_1_13_0,c2-runs/m4,original,original complete,70abfed6ed24fb6493a4180ae54bc7f1cc33b4dedb426eb809bc4bee6de35106,2026-09-27T12:35:57.359963+00:00,
rq2_e_r1_s60_n_qwen3_5_4b_json,c2-runs/m4,original,original complete,70abfed6ed24fb6493a4180ae54bc7f1cc33b4dedb426eb809bc4bee6de35106,2026-09-27T12:37:47.840274+00:00,
rq2_e_r1_s60_n_qwen3_8_flash,c2-runs/m4,original,original complete,70abfed6ed24fb6493a4180ae54bc7f1cc33b4dedb426eb809bc4bee6de35106,2026-09-27T12:38:12.982211+00:00,
rq2_e_r1_s60_n_semif_qwen3_5_4b,c2-runs/m4,original,original complete,70abfed6ed24fb6493a4180ae54bc7f1cc33b4dedb426eb809bc4bee6de35106,2026-09-27T12:36:24.269339+00:00,
rq3_e_r0p1_s30_n_anyjev_l0,c2-runs/rq3-d18-m4,rerun,original absent; earliest of 1 complete rerun copies,32976335767682d2351eee8a57f07c8b591f7a5e36327c61cda874538c012bbd,2026-10-01T10:32:29.116810+00:00,c2-runs/cluster-b-rq3:original:EXCLUDED;c2-runs/cluster-b-rq3-d17:original:EXCLUDED
rq3_e_r0p1_s30_n_deepseek_v4_1_flash,c2-runs/rq3-d18-m4,rerun,original absent; earliest of 1 complete rerun copies,32976335767682d2351eee8a57f07c8b591f7a5e36327c61cda874538c012bbd,2026-10-01T11:18:32.884361+00:00,c2-runs/cluster-b-rq3:original:EXCLUDED
rq3_e_r0p1_s30_n_glm_5_3_flash,c2-runs/rq3-d18-m4,rerun,original absent; earliest of 1 complete rerun copies,32976335767682d2351eee8a57f07c8b591f7a5e36327c61cda874538c012bbd,2026-10-01T11:08:37.941034+00:00,c2-runs/cluster-b-rq3:original:EXCLUDED
rq3_e_r0p1_s30_n_jev_1_13_0,c2-runs/rq3-d18-m4,rerun,original absent; earliest of 1 complete rerun copies,32976335767682d2351eee8a57f07c8b591f7a5e36327c61cda874538c012bbd,2026-10-01T10:19:47.448392+00:00,c2-runs/cluster-b-rq3:original:EXCLUDED
rq3_e_r0p1_s30_n_qwen3_5_4b_json,c2-runs/rq3-d18-m4,rerun,original absent; earliest of 1 complete rerun copies,32976335767682d2351eee8a57f07c8b591f7a5e36327c61cda874538c012bbd,2026-10-01T11:32:43.514606+00:00,c2-runs/cluster-b-rq3:original:EXCLUDED
rq3_e_r0p1_s30_n_qwen3_8_flash,c2-runs/rq3-r0p1-m4-d7b,rerun,original absent; earliest of 1 complete rerun copies,32976335767682d2351eee8a57f07c8b591f7a5e36327c61cda874538c012bbd,2026-09-29T21:19:37.579701+00:00,c2-runs/cluster-b-rq3:original:EXCLUDED;c2-runs/cluster-b-rq3-d17:original:EXCLUDED
rq3_e_r0p1_s30_n_semif_qwen3_5_4b,c2-runs/rq3-d18-m4,rerun,original absent; earliest of 1 complete rerun copies,32976335767682d2351eee8a57f07c8b591f7a5e36327c61cda874538c012bbd,2026-10-01T11:15:50.834786+00:00,c2-runs/cluster-b-rq3:original:EXCLUDED
rq3_e_r0p5_s30_n_anyjev_l0,c2-runs/cluster-a-rq3-d17,original,original complete,74d32e4687ff8ae9b6f338fe6ec216b063a74875f964776fe6fe9936f779d27f,2026-09-30T10:18:42.548616+00:00,c2-runs/cluster-a-rq3:original:EXCLUDED
rq3_e_r0p5_s30_n_deepseek_v4_1_flash,c2-runs/cluster-a-rq3,original,original complete,7e2268c1a756673a6367beb2cdd759c51568fa35d30233b7f379ee2d9e943221,2026-09-27T08:27:15.890395+00:00,
rq3_e_r0p5_s30_n_glm_5_3_flash,c2-runs/cluster-a-rq3,original,original complete,7e2268c1a756673a6367beb2cdd759c51568fa35d30233b7f379ee2d9e943221,2026-09-27T08:43:13.375337+00:00,
rq3_e_r0p5_s30_n_jev_1_13_0,c2-runs/cluster-a-rq3,original,original complete,7e2268c1a756673a6367beb2cdd759c51568fa35d30233b7f379ee2d9e943221,2026-09-27T08:09:58.397824+00:00,
rq3_e_r0p5_s30_n_qwen3_5_4b_json,c2-runs/cluster-a-rq3,original,original complete,7e2268c1a756673a6367beb2cdd759c51568fa35d30233b7f379ee2d9e943221,2026-09-27T08:07:36.901483+00:00,
rq3_e_r0p5_s30_n_qwen3_8_flash,c2-runs/cluster-a-rq3,original,original complete,7e2268c1a756673a6367beb2cdd759c51568fa35d30233b7f379ee2d9e943221,2026-09-27T08:11:38.738378+00:00,
rq3_e_r0p5_s30_n_semif_qwen3_5_4b,c2-runs/cluster-a-rq3,original,original complete,7e2268c1a756673a6367beb2cdd759c51568fa35d30233b7f379ee2d9e943221,2026-09-27T08:22:08.370639+00:00,
rq3_e_r1_s30_n_anyjev_l0,c2-runs/cluster-a-rq3-d17,original,original complete,74d32e4687ff8ae9b6f338fe6ec216b063a74875f964776fe6fe9936f779d27f,2026-09-30T07:02:13.127039+00:00,c2-runs/cluster-a-rq3:original:EXCLUDED
rq3_e_r1_s30_n_deepseek_v4_1_flash,c2-runs/cluster-a-rq3,original,original complete,7e2268c1a756673a6367beb2cdd759c51568fa35d30233b7f379ee2d9e943221,2026-09-27T04:46:35.081039+00:00,
rq3_e_r1_s30_n_glm_5_3_flash,c2-runs/cluster-a-rq3,original,original complete,7e2268c1a756673a6367beb2cdd759c51568fa35d30233b7f379ee2d9e943221,2026-09-27T05:00:46.312963+00:00,
rq3_e_r1_s30_n_jev_1_13_0,c2-runs/cluster-a-rq3,original,original complete,7e2268c1a756673a6367beb2cdd759c51568fa35d30233b7f379ee2d9e943221,2026-09-27T04:41:36.319967+00:00,
rq3_e_r1_s30_n_qwen3_5_4b_json,c2-runs/cluster-a-rq3,original,original complete,7e2268c1a756673a6367beb2cdd759c51568fa35d30233b7f379ee2d9e943221,2026-09-27T05:06:07.032458+00:00,
rq3_e_r1_s30_n_qwen3_8_flash,c2-runs/cluster-a-rq3,original,original complete,7e2268c1a756673a6367beb2cdd759c51568fa35d30233b7f379ee2d9e943221,2026-09-27T04:59:47.247803+00:00,
rq3_e_r1_s30_n_semif_qwen3_5_4b,c2-runs/cluster-a-rq3,original,original complete,7e2268c1a756673a6367beb2cdd759c51568fa35d30233b7f379ee2d9e943221,2026-09-27T04:56:02.599731+00:00,
rq3_e_r2_s30_n_anyjev_l0,c2-runs/cluster-a-rq3-d17,original,original complete,74d32e4687ff8ae9b6f338fe6ec216b063a74875f964776fe6fe9936f779d27f,2026-09-30T07:00:31.984675+00:00,c2-runs/cluster-a-rq3:original:EXCLUDED
rq3_e_r2_s30_n_deepseek_v4_1_flash,c2-runs/cluster-a-rq3,original,original complete,7e2268c1a756673a6367beb2cdd759c51568fa35d30233b7f379ee2d9e943221,2026-09-27T04:48:38.691846+00:00,
rq3_e_r2_s30_n_glm_5_3_flash,c2-runs/cluster-a-rq3,original,original complete,7e2268c1a756673a6367beb2cdd759c51568fa35d30233b7f379ee2d9e943221,2026-09-27T04:54:13.880977+00:00,
rq3_e_r2_s30_n_jev_1_13_0,c2-runs/cluster-a-rq3,original,original complete,7e2268c1a756673a6367beb2cdd759c51568fa35d30233b7f379ee2d9e943221,2026-09-27T05:01:56.316127+00:00,
rq3_e_r2_s30_n_qwen3_5_4b_json,c2-runs/cluster-a-rq3,original,original complete,7e2268c1a756673a6367beb2cdd759c51568fa35d30233b7f379ee2d9e943221,2026-09-27T05:00:32.933152+00:00,
rq3_e_r2_s30_n_qwen3_8_flash,c2-runs/cluster-a-rq3,original,original complete,7e2268c1a756673a6367beb2cdd759c51568fa35d30233b7f379ee2d9e943221,2026-09-27T05:04:13.494633+00:00,
rq3_e_r2_s30_n_semif_qwen3_5_4b,c2-runs/cluster-a-rq3,original,original complete,7e2268c1a756673a6367beb2cdd759c51568fa35d30233b7f379ee2d9e943221,2026-09-27T05:18:41.246542+00:00,
rq3_scale_e_r1_s30_n_anyjev_l0,c2-runs/cluster-b-rq3-d17,original,original complete,a4b41532ef82b3d34d288186fbb010db850f985a8bd1dfff7d9a7bc58e5712bc,2026-10-01T18:15:33.146955+00:00,c2-runs/cluster-b-rq3:original:EXCLUDED;c2-runs/cluster-b-rq3-a2:rerun:EXCLUDED;c2-runs/rq3-scale-m4-d7b:rerun:EXCLUDED;c2-runs/rq3-d18-m4:rerun:EXCLUDED
rq3_scale_e_r1_s30_n_deepseek_v4_1_flash,c2-runs/cluster-b-rq3,original,original complete,bd1738b03a98303a92eaefef2ba862ef02d4964544760170fe8d6ca125818c45,2026-09-28T22:18:40.302116+00:00,c2-runs/rq3-d18-m4:rerun:EXCLUDED
rq3_scale_e_r1_s30_n_glm_5_3_flash,c2-runs/cluster-b-rq3,original,original complete,bd1738b03a98303a92eaefef2ba862ef02d4964544760170fe8d6ca125818c45,2026-09-28T21:31:07.058856+00:00,c2-runs/rq3-d18-m4:rerun:EXCLUDED
rq3_scale_e_r1_s30_n_jev_1_13_0,c2-runs/cluster-b-rq3,original,original complete,bd1738b03a98303a92eaefef2ba862ef02d4964544760170fe8d6ca125818c45,2026-09-28T21:38:35.916423+00:00,c2-runs/rq3-d18-m4:rerun:EXCLUDED
rq3_scale_e_r1_s30_n_qwen3_5_4b_json,c2-runs/cluster-b-rq3,original,original complete,bd1738b03a98303a92eaefef2ba862ef02d4964544760170fe8d6ca125818c45,2026-09-28T21:59:10.494694+00:00,
rq3_scale_e_r1_s30_n_qwen3_8_flash,c2-runs/cluster-b-rq3,original,original complete,bd1738b03a98303a92eaefef2ba862ef02d4964544760170fe8d6ca125818c45,2026-09-28T22:39:39.429279+00:00,c2-runs/rq3-d18-m4:rerun:EXCLUDED
rq3_scale_e_r1_s30_n_semif_qwen3_5_4b,c2-runs/cluster-b-rq3,original,original complete,bd1738b03a98303a92eaefef2ba862ef02d4964544760170fe8d6ca125818c45,2026-09-28T22:26:18.208108+00:00,c2-runs/rq3-d18-m4:rerun:EXCLUDED
rq5_e_r0p3_s30_b_requery_1s_anyjev_l0,c2-runs/rq5-b-m4,original,original complete,4d46bc2e706dd16b058cdadcfa8c6f1161ae8be57361627735a6ba24796778e9,2026-09-28T22:38:46.484439+00:00,
rq5_e_r0p3_s30_b_requery_1s_deepseek_v4_1_flash,c2-runs/rq5-b-m4,original,original complete,4d46bc2e706dd16b058cdadcfa8c6f1161ae8be57361627735a6ba24796778e9,2026-09-28T07:31:33.697296+00:00,
rq5_e_r0p3_s30_b_requery_1s_glm_5_3_flash,c2-runs/rq5-b-m4,original,original complete,4d46bc2e706dd16b058cdadcfa8c6f1161ae8be57361627735a6ba24796778e9,2026-09-28T07:24:42.722678+00:00,
rq5_e_r0p3_s30_b_requery_1s_jev_1_13_0,c2-runs/rq5-b-m4,original,original complete,4d46bc2e706dd16b058cdadcfa8c6f1161ae8be57361627735a6ba24796778e9,2026-09-28T07:25:25.071430+00:00,
rq5_e_r0p3_s30_b_requery_1s_qwen3_5_4b_json,c2-runs/rq5-b-m4,original,original complete,4d46bc2e706dd16b058cdadcfa8c6f1161ae8be57361627735a6ba24796778e9,2026-09-28T16:22:46.757429+00:00,
rq5_e_r0p3_s30_b_requery_1s_qwen3_8_flash,c2-runs/rq5-b-m4,original,original complete,4d46bc2e706dd16b058cdadcfa8c6f1161ae8be57361627735a6ba24796778e9,2026-09-28T16:12:26.372875+00:00,
rq5_e_r0p3_s30_b_requery_1s_semif_qwen3_5_4b,c2-runs/rq5-b-m4,original,original complete,4d46bc2e706dd16b058cdadcfa8c6f1161ae8be57361627735a6ba24796778e9,2026-09-28T16:42:19.015737+00:00,
