model,deployment,rate_per_s,session,block,session_start_utc,http_429_count,http_429_share,n,complete,primary,source_trace,source_ledger,source_integrity
DeepSeek-V4.1-Flash,hosted,0.1,main-hosted-v1,1,2026-09-26T03:50:45.920424+00:00,0,0,300,True,True,experiments/c1-interpretation/results/rq3-load/traces/main-hosted-v1/deepseek_v4p1_flash/rate_0p1__block1/trace.jsonl,experiments/c1-interpretation/results/rq3-load/traces/main-hosted-v1/deepseek_v4p1_flash/rate_0p1__block1/ledger.jsonl,experiments/c1-interpretation/results/rq3-load/traces/main-hosted-v1/deepseek_v4p1_flash/rate_0p1__block1/integrity.json
DeepSeek-V4.1-Flash,hosted,0.5,main-hosted-v1,1,2026-09-26T04:37:27.647643+00:00,0,0,300,True,True,experiments/c1-interpretation/results/rq3-load/traces/main-hosted-v1/deepseek_v4p1_flash/rate_0p5__block1/trace.jsonl,experiments/c1-interpretation/results/rq3-load/traces/main-hosted-v1/deepseek_v4p1_flash/rate_0p5__block1/ledger.jsonl,experiments/c1-interpretation/results/rq3-load/traces/main-hosted-v1/deepseek_v4p1_flash/rate_0p5__block1/integrity.json
DeepSeek-V4.1-Flash,hosted,1,main-hosted-v1,1,2026-09-26T04:46:47.864060+00:00,0,0,300,True,True,experiments/c1-interpretation/results/rq3-load/traces/main-hosted-v1/deepseek_v4p1_flash/rate_1__block1/trace.jsonl,experiments/c1-interpretation/results/rq3-load/traces/main-hosted-v1/deepseek_v4p1_flash/rate_1__block1/ledger.jsonl,experiments/c1-interpretation/results/rq3-load/traces/main-hosted-v1/deepseek_v4p1_flash/rate_1__block1/integrity.json
DeepSeek-V4.1-Flash,hosted,2,main-hosted-v1,1,2026-09-26T04:51:28.531470+00:00,0,0,300,True,True,experiments/c1-interpretation/results/rq3-load/traces/main-hosted-v1/deepseek_v4p1_flash/rate_2__block1/trace.jsonl,experiments/c1-interpretation/results/rq3-load/traces/main-hosted-v1/deepseek_v4p1_flash/rate_2__block1/ledger.jsonl,experiments/c1-interpretation/results/rq3-load/traces/main-hosted-v1/deepseek_v4p1_flash/rate_2__block1/integrity.json
GLM-5.3-Flash,hosted,0.1,main-hosted-v1,1,2026-09-26T03:50:45.920411+00:00,0,0,300,True,True,experiments/c1-interpretation/results/rq3-load/traces/main-hosted-v1/glm_5p3_flash/rate_0p1__block1/trace.jsonl,experiments/c1-interpretation/results/rq3-load/traces/main-hosted-v1/glm_5p3_flash/rate_0p1__block1/ledger.jsonl,experiments/c1-interpretation/results/rq3-load/traces/main-hosted-v1/glm_5p3_flash/rate_0p1__block1/integrity.json
GLM-5.3-Flash,hosted,0.5,main-hosted-v1,1,2026-09-26T04:37:24.989507+00:00,4,0.0133333333333,300,True,True,experiments/c1-interpretation/results/rq3-load/traces/main-hosted-v1/glm_5p3_flash/rate_0p5__block1/trace.jsonl,experiments/c1-interpretation/results/rq3-load/traces/main-hosted-v1/glm_5p3_flash/rate_0p5__block1/ledger.jsonl,experiments/c1-interpretation/results/rq3-load/traces/main-hosted-v1/glm_5p3_flash/rate_0p5__block1/integrity.json
GLM-5.3-Flash,hosted,1,main-hosted-v1,1,2026-09-26T04:46:45.619306+00:00,0,0,300,True,True,experiments/c1-interpretation/results/rq3-load/traces/main-hosted-v1/glm_5p3_flash/rate_1__block1/trace.jsonl,experiments/c1-interpretation/results/rq3-load/traces/main-hosted-v1/glm_5p3_flash/rate_1__block1/ledger.jsonl,experiments/c1-interpretation/results/rq3-load/traces/main-hosted-v1/glm_5p3_flash/rate_1__block1/integrity.json
GLM-5.3-Flash,hosted,2,main-hosted-v1,1,2026-09-26T04:51:26.391999+00:00,0,0,300,True,True,experiments/c1-interpretation/results/rq3-load/traces/main-hosted-v1/glm_5p3_flash/rate_2__block1/trace.jsonl,experiments/c1-interpretation/results/rq3-load/traces/main-hosted-v1/glm_5p3_flash/rate_2__block1/ledger.jsonl,experiments/c1-interpretation/results/rq3-load/traces/main-hosted-v1/glm_5p3_flash/rate_2__block1/integrity.json
Jev-1.13.0,hosted,0.1,main-hosted-v1,1,2026-09-26T03:50:45.920461+00:00,0,0,300,True,True,experiments/c1-interpretation/results/rq3-load/traces/main-hosted-v1/jev_1p13p0/rate_0p1__block1/trace.jsonl,experiments/c1-interpretation/results/rq3-load/traces/main-hosted-v1/jev_1p13p0/rate_0p1__block1/ledger.jsonl,experiments/c1-interpretation/results/rq3-load/traces/main-hosted-v1/jev_1p13p0/rate_0p1__block1/integrity.json
Jev-1.13.0,hosted,0.5,main-hosted-v1,1,2026-09-26T04:37:24.263052+00:00,0,0,300,True,True,experiments/c1-interpretation/results/rq3-load/traces/main-hosted-v1/jev_1p13p0/rate_0p5__block1/trace.jsonl,experiments/c1-interpretation/results/rq3-load/traces/main-hosted-v1/jev_1p13p0/rate_0p5__block1/ledger.jsonl,experiments/c1-interpretation/results/rq3-load/traces/main-hosted-v1/jev_1p13p0/rate_0p5__block1/integrity.json
Jev-1.13.0,hosted,1,main-hosted-v1,1,2026-09-26T04:46:44.332094+00:00,0,0,300,True,True,experiments/c1-interpretation/results/rq3-load/traces/main-hosted-v1/jev_1p13p0/rate_1__block1/trace.jsonl,experiments/c1-interpretation/results/rq3-load/traces/main-hosted-v1/jev_1p13p0/rate_1__block1/ledger.jsonl,experiments/c1-interpretation/results/rq3-load/traces/main-hosted-v1/jev_1p13p0/rate_1__block1/integrity.json
Jev-1.13.0,hosted,2,main-hosted-v1,1,2026-09-26T04:51:24.588525+00:00,0,0,300,True,True,experiments/c1-interpretation/results/rq3-load/traces/main-hosted-v1/jev_1p13p0/rate_2__block1/trace.jsonl,experiments/c1-interpretation/results/rq3-load/traces/main-hosted-v1/jev_1p13p0/rate_2__block1/ledger.jsonl,experiments/c1-interpretation/results/rq3-load/traces/main-hosted-v1/jev_1p13p0/rate_2__block1/integrity.json
Qwen3.8-Flash,hosted,0.1,main-hosted-v1,1,2026-09-26T04:53:54.144849+00:00,253,0.843333333333,300,False,False,experiments/c1-interpretation/results/rq3-load/traces/main-hosted-v1/qwen3p8_flash/rate_0p1__block1/trace.jsonl,experiments/c1-interpretation/results/rq3-load/traces/main-hosted-v1/qwen3p8_flash/rate_0p1__block1/ledger.jsonl,experiments/c1-interpretation/results/rq3-load/traces/main-hosted-v1/qwen3p8_flash/rate_0p1__block1/integrity.json
Qwen3.8-Flash,hosted,0.1,main-hosted-v1,2,2026-09-26T05:40:38.464615+00:00,160,0.533333333333,300,False,False,experiments/c1-interpretation/results/rq3-load/traces/main-hosted-v1/qwen3p8_flash/rate_0p1__block2/trace.jsonl,experiments/c1-interpretation/results/rq3-load/traces/main-hosted-v1/qwen3p8_flash/rate_0p1__block2/ledger.jsonl,experiments/c1-interpretation/results/rq3-load/traces/main-hosted-v1/qwen3p8_flash/rate_0p1__block2/integrity.json
Qwen3.8-Flash,hosted,0.1,main-hosted-v1,3,2026-09-26T06:27:18.349932+00:00,131,0.436666666667,300,False,False,experiments/c1-interpretation/results/rq3-load/traces/main-hosted-v1/qwen3p8_flash/rate_0p1__block3/trace.jsonl,experiments/c1-interpretation/results/rq3-load/traces/main-hosted-v1/qwen3p8_flash/rate_0p1__block3/ledger.jsonl,experiments/c1-interpretation/results/rq3-load/traces/main-hosted-v1/qwen3p8_flash/rate_0p1__block3/integrity.json
Qwen3.8-Flash,hosted,0.5,main-hosted-v1,1,2026-09-26T07:16:13.257893+00:00,276,0.92,300,False,False,experiments/c1-interpretation/results/rq3-load/traces/main-hosted-v1/qwen3p8_flash/rate_0p5__block1/trace.jsonl,experiments/c1-interpretation/results/rq3-load/traces/main-hosted-v1/qwen3p8_flash/rate_0p5__block1/ledger.jsonl,experiments/c1-interpretation/results/rq3-load/traces/main-hosted-v1/qwen3p8_flash/rate_0p5__block1/integrity.json
Qwen3.8-Flash,hosted,0.5,main-hosted-v1,2,2026-09-26T07:25:37.334937+00:00,277,0.923333333333,300,False,False,experiments/c1-interpretation/results/rq3-load/traces/main-hosted-v1/qwen3p8_flash/rate_0p5__block2/trace.jsonl,experiments/c1-interpretation/results/rq3-load/traces/main-hosted-v1/qwen3p8_flash/rate_0p5__block2/ledger.jsonl,experiments/c1-interpretation/results/rq3-load/traces/main-hosted-v1/qwen3p8_flash/rate_0p5__block2/integrity.json
Qwen3.8-Flash,hosted,0.5,main-hosted-v1,3,2026-09-26T07:35:00.751941+00:00,275,0.916666666667,300,False,False,experiments/c1-interpretation/results/rq3-load/traces/main-hosted-v1/qwen3p8_flash/rate_0p5__block3/trace.jsonl,experiments/c1-interpretation/results/rq3-load/traces/main-hosted-v1/qwen3p8_flash/rate_0p5__block3/ledger.jsonl,experiments/c1-interpretation/results/rq3-load/traces/main-hosted-v1/qwen3p8_flash/rate_0p5__block3/integrity.json
Qwen3.8-Flash,hosted,1,main-hosted-v1,1,2026-09-26T07:44:24.392045+00:00,273,0.91,300,False,False,experiments/c1-interpretation/results/rq3-load/traces/main-hosted-v1/qwen3p8_flash/rate_1__block1/trace.jsonl,experiments/c1-interpretation/results/rq3-load/traces/main-hosted-v1/qwen3p8_flash/rate_1__block1/ledger.jsonl,experiments/c1-interpretation/results/rq3-load/traces/main-hosted-v1/qwen3p8_flash/rate_1__block1/integrity.json
Qwen3.8-Flash,hosted,1,main-hosted-v1,2,2026-09-26T07:50:53.224961+00:00,283,0.943333333333,300,False,False,experiments/c1-interpretation/results/rq3-load/traces/main-hosted-v1/qwen3p8_flash/rate_1__block2/trace.jsonl,experiments/c1-interpretation/results/rq3-load/traces/main-hosted-v1/qwen3p8_flash/rate_1__block2/ledger.jsonl,experiments/c1-interpretation/results/rq3-load/traces/main-hosted-v1/qwen3p8_flash/rate_1__block2/integrity.json
Qwen3.8-Flash,hosted,1,main-hosted-v1,3,2026-09-26T07:57:27.739802+00:00,281,0.936666666667,300,False,False,experiments/c1-interpretation/results/rq3-load/traces/main-hosted-v1/qwen3p8_flash/rate_1__block3/trace.jsonl,experiments/c1-interpretation/results/rq3-load/traces/main-hosted-v1/qwen3p8_flash/rate_1__block3/ledger.jsonl,experiments/c1-interpretation/results/rq3-load/traces/main-hosted-v1/qwen3p8_flash/rate_1__block3/integrity.json
Qwen3.8-Flash,hosted,2,main-hosted-v1,1,2026-09-26T08:04:05.479444+00:00,271,0.903333333333,300,False,False,experiments/c1-interpretation/results/rq3-load/traces/main-hosted-v1/qwen3p8_flash/rate_2__block1/trace.jsonl,experiments/c1-interpretation/results/rq3-load/traces/main-hosted-v1/qwen3p8_flash/rate_2__block1/ledger.jsonl,experiments/c1-interpretation/results/rq3-load/traces/main-hosted-v1/qwen3p8_flash/rate_2__block1/integrity.json
Qwen3.8-Flash,hosted,2,main-hosted-v1,2,2026-09-26T08:10:42.359124+00:00,275,0.916666666667,300,False,False,experiments/c1-interpretation/results/rq3-load/traces/main-hosted-v1/qwen3p8_flash/rate_2__block2/trace.jsonl,experiments/c1-interpretation/results/rq3-load/traces/main-hosted-v1/qwen3p8_flash/rate_2__block2/ledger.jsonl,experiments/c1-interpretation/results/rq3-load/traces/main-hosted-v1/qwen3p8_flash/rate_2__block2/integrity.json
Qwen3.8-Flash,hosted,2,main-hosted-v1,3,2026-09-26T08:17:19.964709+00:00,275,0.916666666667,300,False,False,experiments/c1-interpretation/results/rq3-load/traces/main-hosted-v1/qwen3p8_flash/rate_2__block3/trace.jsonl,experiments/c1-interpretation/results/rq3-load/traces/main-hosted-v1/qwen3p8_flash/rate_2__block3/ledger.jsonl,experiments/c1-interpretation/results/rq3-load/traces/main-hosted-v1/qwen3p8_flash/rate_2__block3/integrity.json
Qwen3.8-Flash,hosted,0.1,main-hosted-v1-qwen-offpeak,1,2026-09-26T17:00:33.240618+00:00,9,0.03,300,True,True,experiments/c1-interpretation/results/rq3-load/traces/main-hosted-v1-qwen-offpeak/qwen3p8_flash/rate_0p1__block1/trace.jsonl,experiments/c1-interpretation/results/rq3-load/traces/main-hosted-v1-qwen-offpeak/qwen3p8_flash/rate_0p1__block1/ledger.jsonl,experiments/c1-interpretation/results/rq3-load/traces/main-hosted-v1-qwen-offpeak/qwen3p8_flash/rate_0p1__block1/integrity.json
Qwen3.8-Flash,hosted,0.5,main-hosted-v1-qwen-offpeak,1,2026-09-26T17:47:13.420920+00:00,86,0.286666666667,300,False,False,experiments/c1-interpretation/results/rq3-load/traces/main-hosted-v1-qwen-offpeak/qwen3p8_flash/rate_0p5__block1/trace.jsonl,experiments/c1-interpretation/results/rq3-load/traces/main-hosted-v1-qwen-offpeak/qwen3p8_flash/rate_0p5__block1/ledger.jsonl,experiments/c1-interpretation/results/rq3-load/traces/main-hosted-v1-qwen-offpeak/qwen3p8_flash/rate_0p5__block1/integrity.json
Qwen3.8-Flash,hosted,0.5,main-hosted-v1-qwen-offpeak,2,2026-09-26T17:56:38.683209+00:00,74,0.246666666667,300,False,False,experiments/c1-interpretation/results/rq3-load/traces/main-hosted-v1-qwen-offpeak/qwen3p8_flash/rate_0p5__block2/trace.jsonl,experiments/c1-interpretation/results/rq3-load/traces/main-hosted-v1-qwen-offpeak/qwen3p8_flash/rate_0p5__block2/ledger.jsonl,experiments/c1-interpretation/results/rq3-load/traces/main-hosted-v1-qwen-offpeak/qwen3p8_flash/rate_0p5__block2/integrity.json
Qwen3.8-Flash,hosted,0.5,main-hosted-v1-qwen-offpeak,3,2026-09-26T18:06:02.998674+00:00,65,0.216666666667,300,False,False,experiments/c1-interpretation/results/rq3-load/traces/main-hosted-v1-qwen-offpeak/qwen3p8_flash/rate_0p5__block3/trace.jsonl,experiments/c1-interpretation/results/rq3-load/traces/main-hosted-v1-qwen-offpeak/qwen3p8_flash/rate_0p5__block3/ledger.jsonl,experiments/c1-interpretation/results/rq3-load/traces/main-hosted-v1-qwen-offpeak/qwen3p8_flash/rate_0p5__block3/integrity.json
Qwen3.8-Flash,hosted,1,main-hosted-v1-qwen-offpeak,1,2026-09-26T18:15:25.608863+00:00,0,0,300,True,True,experiments/c1-interpretation/results/rq3-load/traces/main-hosted-v1-qwen-offpeak/qwen3p8_flash/rate_1__block1/trace.jsonl,experiments/c1-interpretation/results/rq3-load/traces/main-hosted-v1-qwen-offpeak/qwen3p8_flash/rate_1__block1/ledger.jsonl,experiments/c1-interpretation/results/rq3-load/traces/main-hosted-v1-qwen-offpeak/qwen3p8_flash/rate_1__block1/integrity.json
Qwen3.8-Flash,hosted,2,main-hosted-v1-qwen-offpeak,1,2026-09-26T18:20:07.503964+00:00,0,0,300,True,True,experiments/c1-interpretation/results/rq3-load/traces/main-hosted-v1-qwen-offpeak/qwen3p8_flash/rate_2__block1/trace.jsonl,experiments/c1-interpretation/results/rq3-load/traces/main-hosted-v1-qwen-offpeak/qwen3p8_flash/rate_2__block1/ledger.jsonl,experiments/c1-interpretation/results/rq3-load/traces/main-hosted-v1-qwen-offpeak/qwen3p8_flash/rate_2__block1/integrity.json
Qwen3.8-Flash,hosted,0.5,main-hosted-v1-qwen-offpeak2,1,2026-09-26T18:26:15.019439+00:00,81,0.27,300,False,False,experiments/c1-interpretation/results/rq3-load/traces/main-hosted-v1-qwen-offpeak2/qwen3p8_flash/rate_0p5__block1/trace.jsonl,experiments/c1-interpretation/results/rq3-load/traces/main-hosted-v1-qwen-offpeak2/qwen3p8_flash/rate_0p5__block1/ledger.jsonl,experiments/c1-interpretation/results/rq3-load/traces/main-hosted-v1-qwen-offpeak2/qwen3p8_flash/rate_0p5__block1/integrity.json
Qwen3.8-Flash,hosted,0.5,main-hosted-v1-qwen-offpeak2,2,2026-09-26T18:35:36.681795+00:00,0,0,300,True,True,experiments/c1-interpretation/results/rq3-load/traces/main-hosted-v1-qwen-offpeak2/qwen3p8_flash/rate_0p5__block2/trace.jsonl,experiments/c1-interpretation/results/rq3-load/traces/main-hosted-v1-qwen-offpeak2/qwen3p8_flash/rate_0p5__block2/ledger.jsonl,experiments/c1-interpretation/results/rq3-load/traces/main-hosted-v1-qwen-offpeak2/qwen3p8_flash/rate_0p5__block2/integrity.json
SemIf-Qwen3.5-4B,self-hosted,0.1,selfhosted/main-v1,1,2026-09-25T22:33:14.710901+00:00,0,0,300,True,True,experiments/c1-interpretation/results/rq3-load/traces/selfhosted/main-v1/semif_qwen3p5_4b/rate_0p1__block1/trace.jsonl,experiments/c1-interpretation/results/rq3-load/traces/selfhosted/main-v1/semif_qwen3p5_4b/rate_0p1__block1/ledger.jsonl,experiments/c1-interpretation/results/rq3-load/traces/selfhosted/main-v1/semif_qwen3p5_4b/rate_0p1__block1/integrity.json
SemIf-Qwen3.5-4B,self-hosted,0.5,selfhosted/main-v1,1,2026-09-25T23:20:03.882762+00:00,0,0,300,True,True,experiments/c1-interpretation/results/rq3-load/traces/selfhosted/main-v1/semif_qwen3p5_4b/rate_0p5__block1/trace.jsonl,experiments/c1-interpretation/results/rq3-load/traces/selfhosted/main-v1/semif_qwen3p5_4b/rate_0p5__block1/ledger.jsonl,experiments/c1-interpretation/results/rq3-load/traces/selfhosted/main-v1/semif_qwen3p5_4b/rate_0p5__block1/integrity.json
SemIf-Qwen3.5-4B,self-hosted,1,selfhosted/main-v1,1,2026-09-25T23:29:32.347768+00:00,0,0,300,True,True,experiments/c1-interpretation/results/rq3-load/traces/selfhosted/main-v1/semif_qwen3p5_4b/rate_1__block1/trace.jsonl,experiments/c1-interpretation/results/rq3-load/traces/selfhosted/main-v1/semif_qwen3p5_4b/rate_1__block1/ledger.jsonl,experiments/c1-interpretation/results/rq3-load/traces/selfhosted/main-v1/semif_qwen3p5_4b/rate_1__block1/integrity.json
SemIf-Qwen3.5-4B,self-hosted,2,selfhosted/main-v1,1,2026-09-25T23:34:21.377330+00:00,0,0,300,True,True,experiments/c1-interpretation/results/rq3-load/traces/selfhosted/main-v1/semif_qwen3p5_4b/rate_2__block1/trace.jsonl,experiments/c1-interpretation/results/rq3-load/traces/selfhosted/main-v1/semif_qwen3p5_4b/rate_2__block1/ledger.jsonl,experiments/c1-interpretation/results/rq3-load/traces/selfhosted/main-v1/semif_qwen3p5_4b/rate_2__block1/integrity.json
AnyJev-L0,self-hosted,0.1,selfhosted/main-v1b,1,2026-09-25T22:44:56.472750+00:00,0,0,300,True,False,experiments/c1-interpretation/results/rq3-load/traces/selfhosted/main-v1b/anyjev_l0/rate_0p1__block1/trace.jsonl,experiments/c1-interpretation/results/rq3-load/traces/selfhosted/main-v1b/anyjev_l0/rate_0p1__block1/ledger.jsonl,experiments/c1-interpretation/results/rq3-load/traces/selfhosted/main-v1b/anyjev_l0/rate_0p1__block1/integrity.json
AnyJev-L0,self-hosted,0.5,selfhosted/main-v1b,1,2026-09-25T23:32:29.260498+00:00,0,0,300,True,False,experiments/c1-interpretation/results/rq3-load/traces/selfhosted/main-v1b/anyjev_l0/rate_0p5__block1/trace.jsonl,experiments/c1-interpretation/results/rq3-load/traces/selfhosted/main-v1b/anyjev_l0/rate_0p5__block1/ledger.jsonl,experiments/c1-interpretation/results/rq3-load/traces/selfhosted/main-v1b/anyjev_l0/rate_0p5__block1/integrity.json
AnyJev-L0,self-hosted,1,selfhosted/main-v1b,1,2026-09-25T23:42:49.008150+00:00,0,0,300,True,False,experiments/c1-interpretation/results/rq3-load/traces/selfhosted/main-v1b/anyjev_l0/rate_1__block1/trace.jsonl,experiments/c1-interpretation/results/rq3-load/traces/selfhosted/main-v1b/anyjev_l0/rate_1__block1/ledger.jsonl,experiments/c1-interpretation/results/rq3-load/traces/selfhosted/main-v1b/anyjev_l0/rate_1__block1/integrity.json
AnyJev-L0,self-hosted,2,selfhosted/main-v1b,1,2026-09-25T23:48:25.303721+00:00,0,0,300,True,False,experiments/c1-interpretation/results/rq3-load/traces/selfhosted/main-v1b/anyjev_l0/rate_2__block1/trace.jsonl,experiments/c1-interpretation/results/rq3-load/traces/selfhosted/main-v1b/anyjev_l0/rate_2__block1/ledger.jsonl,experiments/c1-interpretation/results/rq3-load/traces/selfhosted/main-v1b/anyjev_l0/rate_2__block1/integrity.json
Qwen3.5-4B-JSON,self-hosted,0.1,selfhosted/main-v1b,1,2026-09-25T23:13:14.203758+00:00,0,0,3,False,False,experiments/c1-interpretation/results/rq3-load/traces/selfhosted/main-v1b/qwen3p5_4b_json/rate_0p1__block1/trace.jsonl,experiments/c1-interpretation/results/rq3-load/traces/selfhosted/main-v1b/qwen3p5_4b_json/rate_0p1__block1/ledger.jsonl,experiments/c1-interpretation/results/rq3-load/traces/selfhosted/main-v1b/qwen3p5_4b_json/rate_0p1__block1/integrity.json
Qwen3.5-4B-JSON,self-hosted,0.1,selfhosted/main-v1b,2,2026-09-25T23:13:28.750068+00:00,0,0,3,False,False,experiments/c1-interpretation/results/rq3-load/traces/selfhosted/main-v1b/qwen3p5_4b_json/rate_0p1__block2/trace.jsonl,experiments/c1-interpretation/results/rq3-load/traces/selfhosted/main-v1b/qwen3p5_4b_json/rate_0p1__block2/ledger.jsonl,experiments/c1-interpretation/results/rq3-load/traces/selfhosted/main-v1b/qwen3p5_4b_json/rate_0p1__block2/integrity.json
Qwen3.5-4B-JSON,self-hosted,0.1,selfhosted/main-v1b,3,2026-09-25T23:13:44.022780+00:00,0,0,3,False,False,experiments/c1-interpretation/results/rq3-load/traces/selfhosted/main-v1b/qwen3p5_4b_json/rate_0p1__block3/trace.jsonl,experiments/c1-interpretation/results/rq3-load/traces/selfhosted/main-v1b/qwen3p5_4b_json/rate_0p1__block3/ledger.jsonl,experiments/c1-interpretation/results/rq3-load/traces/selfhosted/main-v1b/qwen3p5_4b_json/rate_0p1__block3/integrity.json
Qwen3.5-4B-JSON,self-hosted,0.1,selfhosted/main-v1c,1,2026-09-25T23:36:53.425496+00:00,0,0,300,True,True,experiments/c1-interpretation/results/rq3-load/traces/selfhosted/main-v1c/qwen3p5_4b_json/rate_0p1__block1/trace.jsonl,experiments/c1-interpretation/results/rq3-load/traces/selfhosted/main-v1c/qwen3p5_4b_json/rate_0p1__block1/ledger.jsonl,experiments/c1-interpretation/results/rq3-load/traces/selfhosted/main-v1c/qwen3p5_4b_json/rate_0p1__block1/integrity.json
Qwen3.5-4B-JSON,self-hosted,0.5,selfhosted/main-v1c,1,2026-09-26T00:23:35.052609+00:00,0,0,300,True,True,experiments/c1-interpretation/results/rq3-load/traces/selfhosted/main-v1c/qwen3p5_4b_json/rate_0p5__block1/trace.jsonl,experiments/c1-interpretation/results/rq3-load/traces/selfhosted/main-v1c/qwen3p5_4b_json/rate_0p5__block1/ledger.jsonl,experiments/c1-interpretation/results/rq3-load/traces/selfhosted/main-v1c/qwen3p5_4b_json/rate_0p5__block1/integrity.json
Qwen3.5-4B-JSON,self-hosted,1,selfhosted/main-v1c,1,2026-09-26T00:33:00.071860+00:00,0,0,300,True,True,experiments/c1-interpretation/results/rq3-load/traces/selfhosted/main-v1c/qwen3p5_4b_json/rate_1__block1/trace.jsonl,experiments/c1-interpretation/results/rq3-load/traces/selfhosted/main-v1c/qwen3p5_4b_json/rate_1__block1/ledger.jsonl,experiments/c1-interpretation/results/rq3-load/traces/selfhosted/main-v1c/qwen3p5_4b_json/rate_1__block1/integrity.json
Qwen3.5-4B-JSON,self-hosted,2,selfhosted/main-v1c,1,2026-09-26T00:37:43.831287+00:00,0,0,300,True,True,experiments/c1-interpretation/results/rq3-load/traces/selfhosted/main-v1c/qwen3p5_4b_json/rate_2__block1/trace.jsonl,experiments/c1-interpretation/results/rq3-load/traces/selfhosted/main-v1c/qwen3p5_4b_json/rate_2__block1/ledger.jsonl,experiments/c1-interpretation/results/rq3-load/traces/selfhosted/main-v1c/qwen3p5_4b_json/rate_2__block1/integrity.json
AnyJev-L0,self-hosted,0.1,selfhosted-d12-idle,1,2026-09-29T08:00:59.997471+00:00,0,0,300,True,True,experiments/c1-interpretation/results/rq3-load/traces/selfhosted-d12-idle/anyjev_l0/rate_0p1__block1/trace.jsonl,experiments/c1-interpretation/results/rq3-load/traces/selfhosted-d12-idle/anyjev_l0/rate_0p1__block1/ledger.jsonl,experiments/c1-interpretation/results/rq3-load/traces/selfhosted-d12-idle/anyjev_l0/rate_0p1__block1/integrity.json
AnyJev-L0,self-hosted,0.5,selfhosted-d12-idle,1,2026-09-29T08:49:04.875205+00:00,0,0,300,True,True,experiments/c1-interpretation/results/rq3-load/traces/selfhosted-d12-idle/anyjev_l0/rate_0p5__block1/trace.jsonl,experiments/c1-interpretation/results/rq3-load/traces/selfhosted-d12-idle/anyjev_l0/rate_0p5__block1/ledger.jsonl,experiments/c1-interpretation/results/rq3-load/traces/selfhosted-d12-idle/anyjev_l0/rate_0p5__block1/integrity.json
AnyJev-L0,self-hosted,1,selfhosted-d12-idle,1,2026-09-29T08:59:44.207657+00:00,0,0,300,True,True,experiments/c1-interpretation/results/rq3-load/traces/selfhosted-d12-idle/anyjev_l0/rate_1__block1/trace.jsonl,experiments/c1-interpretation/results/rq3-load/traces/selfhosted-d12-idle/anyjev_l0/rate_1__block1/ledger.jsonl,experiments/c1-interpretation/results/rq3-load/traces/selfhosted-d12-idle/anyjev_l0/rate_1__block1/integrity.json
AnyJev-L0,self-hosted,2,selfhosted-d12-idle,1,2026-09-29T09:05:44.549547+00:00,0,0,300,True,True,experiments/c1-interpretation/results/rq3-load/traces/selfhosted-d12-idle/anyjev_l0/rate_2__block1/trace.jsonl,experiments/c1-interpretation/results/rq3-load/traces/selfhosted-d12-idle/anyjev_l0/rate_2__block1/ledger.jsonl,experiments/c1-interpretation/results/rq3-load/traces/selfhosted-d12-idle/anyjev_l0/rate_2__block1/integrity.json
