model,deployment,rate_per_s,rho,queue_wait_p50_s,queue_wait_p95_s,queue_wait_p99_s,share_enforced_within_1s,non_stationary,n,delta_a1_s,delta_e2_s,source_trace,source_integrity
Jev-1.13.0,hosted,0.1,0.00774490851172,0.00145851543766,0.00242321649871,0.00290567595928,1,False,300,0.00930047512054,0.005,experiments/c1-interpretation/results/rq3-load/traces/main-hosted-v1/jev_1p13p0/rate_0p1__block1/trace.jsonl,experiments/c1-interpretation/results/rq3-load/traces/main-hosted-v1/jev_1p13p0/rate_0p1__block1/integrity.json
Jev-1.13.0,hosted,0.5,0.0376270884167,0.00211179119597,0.00241110772514,0.00254005027251,0.996666666667,False,300,0.00930047512054,0.005,experiments/c1-interpretation/results/rq3-load/traces/main-hosted-v1/jev_1p13p0/rate_0p5__block1/trace.jsonl,experiments/c1-interpretation/results/rq3-load/traces/main-hosted-v1/jev_1p13p0/rate_0p5__block1/integrity.json
Jev-1.13.0,hosted,1,0.0740113686964,0.00210675844556,0.00212802178505,0.00215817061352,1,False,300,0.00930047512054,0.005,experiments/c1-interpretation/results/rq3-load/traces/main-hosted-v1/jev_1p13p0/rate_1__block1/trace.jsonl,experiments/c1-interpretation/results/rq3-load/traces/main-hosted-v1/jev_1p13p0/rate_1__block1/integrity.json
Jev-1.13.0,hosted,2,0.148925406379,0.0021039564131,0.00213078528571,0.00214287911223,0.996666666667,False,300,0.00930047512054,0.005,experiments/c1-interpretation/results/rq3-load/traces/main-hosted-v1/jev_1p13p0/rate_2__block1/trace.jsonl,experiments/c1-interpretation/results/rq3-load/traces/main-hosted-v1/jev_1p13p0/rate_2__block1/integrity.json
SemIf-Qwen3.5-4B,self-hosted,0.1,0.0111078524474,0.00592174890147,0.0271297540414,0.0369623123458,0.986666666667,False,300,0.00930047512054,0.005,experiments/c1-interpretation/results/rq3-load/traces/selfhosted/main-v1/semif_qwen3p5_4b/rate_0p1__block1/trace.jsonl,experiments/c1-interpretation/results/rq3-load/traces/selfhosted/main-v1/semif_qwen3p5_4b/rate_0p1__block1/integrity.json
SemIf-Qwen3.5-4B,self-hosted,0.5,0.0397305522337,0.00166591128051,0.00598722592751,0.00728774914827,1,False,300,0.00930047512054,0.005,experiments/c1-interpretation/results/rq3-load/traces/selfhosted/main-v1/semif_qwen3p5_4b/rate_0p5__block1/trace.jsonl,experiments/c1-interpretation/results/rq3-load/traces/selfhosted/main-v1/semif_qwen3p5_4b/rate_0p5__block1/integrity.json
SemIf-Qwen3.5-4B,self-hosted,1,0.0953356399535,0.00107400541898,0.00347122133854,0.0039639733278,0.973333333333,False,300,0.00930047512054,0.005,experiments/c1-interpretation/results/rq3-load/traces/selfhosted/main-v1/semif_qwen3p5_4b/rate_1__block1/trace.jsonl,experiments/c1-interpretation/results/rq3-load/traces/selfhosted/main-v1/semif_qwen3p5_4b/rate_1__block1/integrity.json
SemIf-Qwen3.5-4B,self-hosted,2,0.260765866279,0.000945015921928,0.259333422788,1.12924238801,0.886666666667,False,300,0.00930047512054,0.005,experiments/c1-interpretation/results/rq3-load/traces/selfhosted/main-v1/semif_qwen3p5_4b/rate_2__block1/trace.jsonl,experiments/c1-interpretation/results/rq3-load/traces/selfhosted/main-v1/semif_qwen3p5_4b/rate_2__block1/integrity.json
AnyJev-L0,self-hosted,0.1,0.017490420259,0.00524581301363,0.0262772203122,0.0349632977465,0.743333333333,False,300,0.00930047512054,0.005,experiments/c1-interpretation/results/rq3-load/traces/selfhosted-d12-idle/anyjev_l0/rate_0p1__block1/trace.jsonl,experiments/c1-interpretation/results/rq3-load/traces/selfhosted-d12-idle/anyjev_l0/rate_0p1__block1/integrity.json
AnyJev-L0,self-hosted,0.5,0.119400981213,0.00146666192295,0.00600689061382,0.0291492474187,0.523333333333,False,300,0.00930047512054,0.005,experiments/c1-interpretation/results/rq3-load/traces/selfhosted-d12-idle/anyjev_l0/rate_0p5__block1/trace.jsonl,experiments/c1-interpretation/results/rq3-load/traces/selfhosted-d12-idle/anyjev_l0/rate_0p5__block1/integrity.json
AnyJev-L0,self-hosted,1,0.347232004282,0.00123719228438,1.47430058827,3.35221484127,0.29,False,300,0.00930047512054,0.005,experiments/c1-interpretation/results/rq3-load/traces/selfhosted-d12-idle/anyjev_l0/rate_1__block1/trace.jsonl,experiments/c1-interpretation/results/rq3-load/traces/selfhosted-d12-idle/anyjev_l0/rate_1__block1/integrity.json
AnyJev-L0,self-hosted,2,1.16867251105,25.1713763516,34.5332568751,35.8384669014,0.00666666666667,True,300,0.00930047512054,0.005,experiments/c1-interpretation/results/rq3-load/traces/selfhosted-d12-idle/anyjev_l0/rate_2__block1/trace.jsonl,experiments/c1-interpretation/results/rq3-load/traces/selfhosted-d12-idle/anyjev_l0/rate_2__block1/integrity.json
DeepSeek-V4.1-Flash,hosted,0.1,0.0201450919349,0.00143032662561,0.00249332673194,0.00313315793747,0.89,False,300,0.00930047512054,0.005,experiments/c1-interpretation/results/rq3-load/traces/main-hosted-v1/deepseek_v4p1_flash/rate_0p1__block1/trace.jsonl,experiments/c1-interpretation/results/rq3-load/traces/main-hosted-v1/deepseek_v4p1_flash/rate_0p1__block1/integrity.json
DeepSeek-V4.1-Flash,hosted,0.5,0.0953574258694,0.00211151912485,0.00231907167591,0.00564140790226,0.926666666667,False,300,0.00930047512054,0.005,experiments/c1-interpretation/results/rq3-load/traces/main-hosted-v1/deepseek_v4p1_flash/rate_0p5__block1/trace.jsonl,experiments/c1-interpretation/results/rq3-load/traces/main-hosted-v1/deepseek_v4p1_flash/rate_0p5__block1/integrity.json
DeepSeek-V4.1-Flash,hosted,1,0.220726166939,0.00210715650748,0.913890524863,4.43730488733,0.84,False,300,0.00930047512054,0.005,experiments/c1-interpretation/results/rq3-load/traces/main-hosted-v1/deepseek_v4p1_flash/rate_1__block1/trace.jsonl,experiments/c1-interpretation/results/rq3-load/traces/main-hosted-v1/deepseek_v4p1_flash/rate_1__block1/integrity.json
DeepSeek-V4.1-Flash,hosted,2,0.403441529108,0.00210574527476,6.36626734026,11.6374265396,0.846666666667,False,300,0.00930047512054,0.005,experiments/c1-interpretation/results/rq3-load/traces/main-hosted-v1/deepseek_v4p1_flash/rate_2__block1/trace.jsonl,experiments/c1-interpretation/results/rq3-load/traces/main-hosted-v1/deepseek_v4p1_flash/rate_2__block1/integrity.json
GLM-5.3-Flash,hosted,0.1,0.0388473183811,0.00143209584814,0.00244800258121,0.00302104752974,0.22,False,300,0.00930047512054,0.005,experiments/c1-interpretation/results/rq3-load/traces/main-hosted-v1/glm_5p3_flash/rate_0p1__block1/trace.jsonl,experiments/c1-interpretation/results/rq3-load/traces/main-hosted-v1/glm_5p3_flash/rate_0p1__block1/integrity.json
GLM-5.3-Flash,hosted,0.5,0.247836861274,0.00211479945285,1.43722221922,2.37665342402,0.246666666667,False,300,0.00930047512054,0.005,experiments/c1-interpretation/results/rq3-load/traces/main-hosted-v1/glm_5p3_flash/rate_0p5__block1/trace.jsonl,experiments/c1-interpretation/results/rq3-load/traces/main-hosted-v1/glm_5p3_flash/rate_0p5__block1/integrity.json
GLM-5.3-Flash,hosted,1,0.232061307419,0.00210628410334,0.00213500914872,0.163036222109,0.706666666667,False,300,0.00930047512054,0.005,experiments/c1-interpretation/results/rq3-load/traces/main-hosted-v1/glm_5p3_flash/rate_1__block1/trace.jsonl,experiments/c1-interpretation/results/rq3-load/traces/main-hosted-v1/glm_5p3_flash/rate_1__block1/integrity.json
GLM-5.3-Flash,hosted,2,0.350004301618,0.00210578475244,0.230924594052,0.406118317705,0.913333333333,False,300,0.00930047512054,0.005,experiments/c1-interpretation/results/rq3-load/traces/main-hosted-v1/glm_5p3_flash/rate_2__block1/trace.jsonl,experiments/c1-interpretation/results/rq3-load/traces/main-hosted-v1/glm_5p3_flash/rate_2__block1/integrity.json
Qwen3.8-Flash,hosted,0.1,0.0585137150097,0.00216798944939,0.00233765345795,0.00696305789221,0,False,300,0.00930047512054,0.005,experiments/c1-interpretation/results/rq3-load/traces/main-hosted-v1-qwen-offpeak/qwen3p8_flash/rate_0p1__block1/trace.jsonl,experiments/c1-interpretation/results/rq3-load/traces/main-hosted-v1-qwen-offpeak/qwen3p8_flash/rate_0p1__block1/integrity.json
Qwen3.8-Flash,hosted,0.5,0.276709019023,0.00216490230143,0.00225338492724,0.645451306894,0,False,300,0.00930047512054,0.005,experiments/c1-interpretation/results/rq3-load/traces/main-hosted-v1-qwen-offpeak2/qwen3p8_flash/rate_0p5__block2/trace.jsonl,experiments/c1-interpretation/results/rq3-load/traces/main-hosted-v1-qwen-offpeak2/qwen3p8_flash/rate_0p5__block2/integrity.json
Qwen3.8-Flash,hosted,1,0.524391550184,0.0021786234444,1.25980753152,2.50798944496,0,False,300,0.00930047512054,0.005,experiments/c1-interpretation/results/rq3-load/traces/main-hosted-v1-qwen-offpeak/qwen3p8_flash/rate_1__block1/trace.jsonl,experiments/c1-interpretation/results/rq3-load/traces/main-hosted-v1-qwen-offpeak/qwen3p8_flash/rate_1__block1/integrity.json
Qwen3.8-Flash,hosted,2,1.08503134966,15.2267370043,20.2953990169,21.5289172712,0,True,300,0.00930047512054,0.005,experiments/c1-interpretation/results/rq3-load/traces/main-hosted-v1-qwen-offpeak/qwen3p8_flash/rate_2__block1/trace.jsonl,experiments/c1-interpretation/results/rq3-load/traces/main-hosted-v1-qwen-offpeak/qwen3p8_flash/rate_2__block1/integrity.json
Qwen3.5-4B-JSON,self-hosted,0.1,0.0104900133269,0.00613677319609,0.0281577825439,0.0363970656295,0.996666666667,False,300,0.00930047512054,0.005,experiments/c1-interpretation/results/rq3-load/traces/selfhosted/main-v1c/qwen3p5_4b_json/rate_0p1__block1/trace.jsonl,experiments/c1-interpretation/results/rq3-load/traces/selfhosted/main-v1c/qwen3p5_4b_json/rate_0p1__block1/integrity.json
Qwen3.5-4B-JSON,self-hosted,0.5,0.0520469891445,0.00165311401352,0.00596181570505,0.00750526811063,1,False,300,0.00930047512054,0.005,experiments/c1-interpretation/results/rq3-load/traces/selfhosted/main-v1c/qwen3p5_4b_json/rate_0p5__block1/trace.jsonl,experiments/c1-interpretation/results/rq3-load/traces/selfhosted/main-v1c/qwen3p5_4b_json/rate_0p5__block1/integrity.json
Qwen3.5-4B-JSON,self-hosted,1,0.105574852713,0.00111185412431,0.00320362293426,0.00401912027829,1,False,300,0.00930047512054,0.005,experiments/c1-interpretation/results/rq3-load/traces/selfhosted/main-v1c/qwen3p5_4b_json/rate_1__block1/trace.jsonl,experiments/c1-interpretation/results/rq3-load/traces/selfhosted/main-v1c/qwen3p5_4b_json/rate_1__block1/integrity.json
Qwen3.5-4B-JSON,self-hosted,2,0.217334982032,0.000904462546231,0.00235588505438,0.0560807502829,1,False,300,0.00930047512054,0.005,experiments/c1-interpretation/results/rq3-load/traces/selfhosted/main-v1c/qwen3p5_4b_json/rate_2__block1/trace.jsonl,experiments/c1-interpretation/results/rq3-load/traces/selfhosted/main-v1c/qwen3p5_4b_json/rate_2__block1/integrity.json
