model,deployment,rate_per_s,ell_median_s,ell_p95_s,n_latency,source_trace,source_trace_rows,latency_field
Jev-1.13.0,hosted,0.1,0.30034268693998456,0.40140552381053607,300,experiments/c1-interpretation/results/rq3-load/traces/main-hosted-v1/jev_1p13p0/rate_0p1__block1/trace.jsonl,1-300,latency_s
Jev-1.13.0,hosted,0.5,0.2846219171769917,0.3956922286655754,300,experiments/c1-interpretation/results/rq3-load/traces/main-hosted-v1/jev_1p13p0/rate_0p5__block1/trace.jsonl,1-300,latency_s
Jev-1.13.0,hosted,1.0,0.2813068749383092,0.38054242110811176,300,experiments/c1-interpretation/results/rq3-load/traces/main-hosted-v1/jev_1p13p0/rate_1__block1/trace.jsonl,1-300,latency_s
Jev-1.13.0,hosted,2.0,0.2844227496534586,0.3834243314806372,300,experiments/c1-interpretation/results/rq3-load/traces/main-hosted-v1/jev_1p13p0/rate_2__block1/trace.jsonl,1-300,latency_s
SemIf-Qwen3.5-4B,self-hosted,0.1,0.25557479355484247,0.4211866117548198,300,experiments/c1-interpretation/results/rq3-load/traces/selfhosted/main-v1/semif_qwen3p5_4b/rate_0p1__block1/trace.jsonl,1-300,latency_s
SemIf-Qwen3.5-4B,self-hosted,0.5,0.25761446403339505,0.5123237513937057,300,experiments/c1-interpretation/results/rq3-load/traces/selfhosted/main-v1/semif_qwen3p5_4b/rate_0p5__block1/trace.jsonl,1-300,latency_s
SemIf-Qwen3.5-4B,self-hosted,1.0,0.33666509855538607,0.8171170275658372,300,experiments/c1-interpretation/results/rq3-load/traces/selfhosted/main-v1/semif_qwen3p5_4b/rate_1__block1/trace.jsonl,1-300,latency_s
SemIf-Qwen3.5-4B,self-hosted,2.0,0.42482334771193564,1.14932939929422,300,experiments/c1-interpretation/results/rq3-load/traces/selfhosted/main-v1/semif_qwen3p5_4b/rate_2__block1/trace.jsonl,1-300,latency_s
AnyJev-L0,self-hosted,0.1,0.6685285768471658,1.0379204296739775,300,experiments/c1-interpretation/results/rq3-load/traces/selfhosted-d12-idle/anyjev_l0/rate_0p1__block1/trace.jsonl,1-300,latency_s
AnyJev-L0,self-hosted,0.5,0.6967568220570683,2.01670199178625,300,experiments/c1-interpretation/results/rq3-load/traces/selfhosted-d12-idle/anyjev_l0/rate_0p5__block1/trace.jsonl,1-300,latency_s
AnyJev-L0,self-hosted,1.0,1.2672972104046494,2.4668350639054553,300,experiments/c1-interpretation/results/rq3-load/traces/selfhosted-d12-idle/anyjev_l0/rate_1__block1/trace.jsonl,1-300,latency_s
AnyJev-L0,self-hosted,2.0,2.382891461951658,2.5974004344781862,300,experiments/c1-interpretation/results/rq3-load/traces/selfhosted-d12-idle/anyjev_l0/rate_2__block1/trace.jsonl,1-300,latency_s
DeepSeek-V4.1-Flash,hosted,0.1,0.5713714580051601,2.0361736582126477,300,experiments/c1-interpretation/results/rq3-load/traces/main-hosted-v1/deepseek_v4p1_flash/rate_0p1__block1/trace.jsonl,1-300,latency_s
DeepSeek-V4.1-Flash,hosted,0.5,0.5248300414532423,1.2094493972137583,300,experiments/c1-interpretation/results/rq3-load/traces/main-hosted-v1/deepseek_v4p1_flash/rate_0p5__block1/trace.jsonl,1-300,latency_s
DeepSeek-V4.1-Flash,hosted,1.0,0.5521040833555162,2.8799246265552982,300,experiments/c1-interpretation/results/rq3-load/traces/main-hosted-v1/deepseek_v4p1_flash/rate_1__block1/trace.jsonl,1-300,latency_s
DeepSeek-V4.1-Flash,hosted,2.0,0.5858079791069031,0.9513877008110285,300,experiments/c1-interpretation/results/rq3-load/traces/main-hosted-v1/deepseek_v4p1_flash/rate_2__block1/trace.jsonl,1-300,latency_s
GLM-5.3-Flash,hosted,0.1,1.2306358539499342,3.8591304680798233,300,experiments/c1-interpretation/results/rq3-load/traces/main-hosted-v1/glm_5p3_flash/rate_0p1__block1/trace.jsonl,1-300,latency_s
GLM-5.3-Flash,hosted,0.5,1.3507435419596732,4.42482377374545,300,experiments/c1-interpretation/results/rq3-load/traces/main-hosted-v1/glm_5p3_flash/rate_0p5__block1/trace.jsonl,1-300,latency_s
GLM-5.3-Flash,hosted,1.0,0.833890916313976,1.5195667378604416,300,experiments/c1-interpretation/results/rq3-load/traces/main-hosted-v1/glm_5p3_flash/rate_1__block1/trace.jsonl,1-300,latency_s
GLM-5.3-Flash,hosted,2.0,0.671268624253571,1.012616781378165,300,experiments/c1-interpretation/results/rq3-load/traces/main-hosted-v1/glm_5p3_flash/rate_2__block1/trace.jsonl,1-300,latency_s
Qwen3.8-Flash,hosted,0.1,1.9849252295680344,4.342171752033756,300,experiments/c1-interpretation/results/rq3-load/traces/main-hosted-v1-qwen-offpeak/qwen3p8_flash/rate_0p1__block1/trace.jsonl,1-300,latency_s
Qwen3.8-Flash,hosted,0.5,2.105020123999566,3.1693256003782153,300,experiments/c1-interpretation/results/rq3-load/traces/main-hosted-v1-qwen-offpeak2/qwen3p8_flash/rate_0p5__block2/trace.jsonl,1-300,latency_s
Qwen3.8-Flash,hosted,1.0,2.025945521425456,2.9192692898679526,300,experiments/c1-interpretation/results/rq3-load/traces/main-hosted-v1-qwen-offpeak/qwen3p8_flash/rate_1__block1/trace.jsonl,1-300,latency_s
Qwen3.8-Flash,hosted,2.0,2.09437885414809,3.060632245521993,300,experiments/c1-interpretation/results/rq3-load/traces/main-hosted-v1-qwen-offpeak/qwen3p8_flash/rate_2__block1/trace.jsonl,1-300,latency_s
Qwen3.5-4B-JSON,self-hosted,0.1,0.4121179757639766,0.4390330722089857,300,experiments/c1-interpretation/results/rq3-load/traces/selfhosted/main-v1c/qwen3p5_4b_json/rate_0p1__block1/trace.jsonl,1-300,latency_s
Qwen3.5-4B-JSON,self-hosted,0.5,0.4107094518840313,0.44390597650781277,300,experiments/c1-interpretation/results/rq3-load/traces/selfhosted/main-v1c/qwen3p5_4b_json/rate_0p5__block1/trace.jsonl,1-300,latency_s
Qwen3.5-4B-JSON,self-hosted,1.0,0.4178233719430864,0.4599789203843102,300,experiments/c1-interpretation/results/rq3-load/traces/selfhosted/main-v1c/qwen3p5_4b_json/rate_1__block1/trace.jsonl,1-300,latency_s
Qwen3.5-4B-JSON,self-hosted,2.0,0.43307862570509315,0.4716931469272822,300,experiments/c1-interpretation/results/rq3-load/traces/selfhosted/main-v1c/qwen3p5_4b_json/rate_2__block1/trace.jsonl,1-300,latency_s
