model,condition,status,primary_rule,primary_block,primary_n,primary_errors,primary_error_types,primary_error_rate,primary_avail_rate,error_gt_5pct,blocks_error_gt_5pct,sensitivity_blocks,sensitivity_block_names,sensitivity_n,sensitivity_errors,sensitivity_error_types,total_n,total_errors,total_avail_rate,total_http_429,total_http_429_rate,block_attempts
Jev-1.13.0,c3_fresh,complete,block,c1_hosted,300,0,None,0.0,1.0,False,None,0,None,0,0,None,300,0,1.0,0,0.0,"c1_hosted: 300 attempts, 0 HTTP 429 (0.0%)"
Jev-1.13.0,c3_stale,complete,block,c1_hosted,300,0,None,0.0,1.0,False,None,0,None,0,0,None,300,0,1.0,0,0.0,"c1_hosted: 300 attempts, 0 HTTP 429 (0.0%)"
Jev-1.13.0,c3_noisy,complete,block,c1_hosted,300,0,None,0.0,1.0,False,None,0,None,0,0,None,300,0,1.0,0,0.0,"c1_hosted: 300 attempts, 0 HTTP 429 (0.0%)"
Jev-1.13.0,c3_contradictory,complete,block,c1_hosted,300,0,None,0.0,1.0,False,None,0,None,0,0,None,300,0,1.0,0,0.0,"c1_hosted: 300 attempts, 0 HTTP 429 (0.0%)"
Jev-1.13.0,c7_fresh,complete,block,c1_hosted,300,0,None,0.0,1.0,False,None,0,None,0,0,None,300,0,1.0,0,0.0,"c1_hosted: 300 attempts, 0 HTTP 429 (0.0%)"
Jev-1.13.0,c7_stale,complete,block,c1_hosted,300,2,TimeoutError: 2,0.006666666666666667,0.9933333333333333,False,None,0,None,0,0,None,300,2,0.9933333333333333,0,0.0,"c1_hosted: 300 attempts, 0 HTTP 429 (0.0%)"
Jev-1.13.0,c7_noisy,complete,block,c1_hosted,300,0,None,0.0,1.0,False,None,0,None,0,0,None,300,0,1.0,0,0.0,"c1_hosted: 300 attempts, 0 HTTP 429 (0.0%)"
Jev-1.13.0,c7_contradictory,complete,block,c1_hosted,300,0,None,0.0,1.0,False,None,0,None,0,0,None,300,0,1.0,0,0.0,"c1_hosted: 300 attempts, 0 HTTP 429 (0.0%)"
Jev-1.13.0,c21_fresh,complete,block,c1_hosted,300,0,None,0.0,1.0,False,None,0,None,0,0,None,300,0,1.0,0,0.0,"c1_hosted: 300 attempts, 0 HTTP 429 (0.0%)"
Jev-1.13.0,c21_stale,complete,block,c1_hosted,300,0,None,0.0,1.0,False,None,0,None,0,0,None,300,0,1.0,0,0.0,"c1_hosted: 300 attempts, 0 HTTP 429 (0.0%)"
Jev-1.13.0,c21_noisy,complete,block,c1_hosted,300,1,TimeoutError: 1,0.0033333333333333335,0.9966666666666667,False,None,0,None,0,0,None,300,1,0.9966666666666667,0,0.0,"c1_hosted: 300 attempts, 0 HTTP 429 (0.0%)"
Jev-1.13.0,c21_contradictory,complete,block,c1_hosted,300,0,None,0.0,1.0,False,None,0,None,0,0,None,300,0,1.0,0,0.0,"c1_hosted: 300 attempts, 0 HTTP 429 (0.0%)"
Jev-1.13.0,c57_fresh,complete,block,c1_hosted,300,0,None,0.0,1.0,False,None,0,None,0,0,None,300,0,1.0,0,0.0,"c1_hosted: 300 attempts, 0 HTTP 429 (0.0%)"
Jev-1.13.0,c57_stale,complete,block,c1_hosted,300,0,None,0.0,1.0,False,None,0,None,0,0,None,300,0,1.0,0,0.0,"c1_hosted: 300 attempts, 0 HTTP 429 (0.0%)"
Jev-1.13.0,c57_noisy,complete,block,c1_hosted,300,0,None,0.0,1.0,False,None,0,None,0,0,None,300,0,1.0,0,0.0,"c1_hosted: 300 attempts, 0 HTTP 429 (0.0%)"
Jev-1.13.0,c57_contradictory,complete,block,c1_hosted,300,0,None,0.0,1.0,False,None,0,None,0,0,None,300,0,1.0,0,0.0,"c1_hosted: 300 attempts, 0 HTTP 429 (0.0%)"
DeepSeek-V4.1-Flash,c3_fresh,complete,block,c1_hosted,300,0,None,0.0,1.0,False,None,0,None,0,0,None,300,0,1.0,0,0.0,"c1_hosted: 300 attempts, 0 HTTP 429 (0.0%)"
DeepSeek-V4.1-Flash,c3_stale,complete,block,c1_hosted,300,0,None,0.0,1.0,False,None,0,None,0,0,None,300,0,1.0,0,0.0,"c1_hosted: 300 attempts, 0 HTTP 429 (0.0%)"
DeepSeek-V4.1-Flash,c3_noisy,complete,block,c1_hosted,300,0,None,0.0,1.0,False,None,0,None,0,0,None,300,0,1.0,0,0.0,"c1_hosted: 300 attempts, 0 HTTP 429 (0.0%)"
DeepSeek-V4.1-Flash,c3_contradictory,complete,block,c1_hosted,300,0,None,0.0,1.0,False,None,0,None,0,0,None,300,0,1.0,0,0.0,"c1_hosted: 300 attempts, 0 HTTP 429 (0.0%)"
DeepSeek-V4.1-Flash,c7_fresh,complete,block,c1_hosted,300,0,None,0.0,1.0,False,None,0,None,0,0,None,300,0,1.0,0,0.0,"c1_hosted: 300 attempts, 0 HTTP 429 (0.0%)"
DeepSeek-V4.1-Flash,c7_stale,complete,block,c1_hosted,300,0,None,0.0,1.0,False,None,0,None,0,0,None,300,0,1.0,0,0.0,"c1_hosted: 300 attempts, 0 HTTP 429 (0.0%)"
DeepSeek-V4.1-Flash,c7_noisy,complete,block,c1_hosted,300,0,None,0.0,1.0,False,None,0,None,0,0,None,300,0,1.0,0,0.0,"c1_hosted: 300 attempts, 0 HTTP 429 (0.0%)"
DeepSeek-V4.1-Flash,c7_contradictory,complete,block,c1_hosted,300,0,None,0.0,1.0,False,None,0,None,0,0,None,300,0,1.0,0,0.0,"c1_hosted: 300 attempts, 0 HTTP 429 (0.0%)"
DeepSeek-V4.1-Flash,c21_fresh,complete,block,c1_hosted,300,0,None,0.0,1.0,False,None,0,None,0,0,None,300,0,1.0,0,0.0,"c1_hosted: 300 attempts, 0 HTTP 429 (0.0%)"
DeepSeek-V4.1-Flash,c21_stale,complete,block,c1_hosted,300,0,None,0.0,1.0,False,None,0,None,0,0,None,300,0,1.0,0,0.0,"c1_hosted: 300 attempts, 0 HTTP 429 (0.0%)"
DeepSeek-V4.1-Flash,c21_noisy,complete,block,c1_hosted,300,0,None,0.0,1.0,False,None,0,None,0,0,None,300,0,1.0,0,0.0,"c1_hosted: 300 attempts, 0 HTTP 429 (0.0%)"
DeepSeek-V4.1-Flash,c21_contradictory,complete,block,c1_hosted,300,0,None,0.0,1.0,False,None,0,None,0,0,None,300,0,1.0,0,0.0,"c1_hosted: 300 attempts, 0 HTTP 429 (0.0%)"
DeepSeek-V4.1-Flash,c57_fresh,complete,block,c1_hosted,300,0,None,0.0,1.0,False,None,0,None,0,0,None,300,0,1.0,0,0.0,"c1_hosted: 300 attempts, 0 HTTP 429 (0.0%)"
DeepSeek-V4.1-Flash,c57_stale,complete,block,c1_hosted,300,0,None,0.0,1.0,False,None,0,None,0,0,None,300,0,1.0,0,0.0,"c1_hosted: 300 attempts, 0 HTTP 429 (0.0%)"
DeepSeek-V4.1-Flash,c57_noisy,complete,block,c1_hosted,300,0,None,0.0,1.0,False,None,0,None,0,0,None,300,0,1.0,0,0.0,"c1_hosted: 300 attempts, 0 HTTP 429 (0.0%)"
DeepSeek-V4.1-Flash,c57_contradictory,complete,block,c1_hosted,300,0,None,0.0,1.0,False,None,0,None,0,0,None,300,0,1.0,0,0.0,"c1_hosted: 300 attempts, 0 HTTP 429 (0.0%)"
GLM-5.3-Flash,c3_fresh,complete,block,c1_hosted,300,0,None,0.0,1.0,False,None,0,None,0,0,None,300,0,1.0,0,0.0,"c1_hosted: 300 attempts, 0 HTTP 429 (0.0%)"
GLM-5.3-Flash,c3_stale,complete,block,c1_hosted,300,0,None,0.0,1.0,False,None,0,None,0,0,None,300,0,1.0,0,0.0,"c1_hosted: 300 attempts, 0 HTTP 429 (0.0%)"
GLM-5.3-Flash,c3_noisy,complete,block,c1_hosted,300,0,None,0.0,1.0,False,None,0,None,0,0,None,300,0,1.0,0,0.0,"c1_hosted: 300 attempts, 0 HTTP 429 (0.0%)"
GLM-5.3-Flash,c3_contradictory,complete,block,c1_hosted,300,0,None,0.0,1.0,False,None,0,None,0,0,None,300,0,1.0,0,0.0,"c1_hosted: 300 attempts, 0 HTTP 429 (0.0%)"
GLM-5.3-Flash,c7_fresh,complete,block,c1_hosted,300,0,None,0.0,1.0,False,None,0,None,0,0,None,300,0,1.0,0,0.0,"c1_hosted: 300 attempts, 0 HTTP 429 (0.0%)"
GLM-5.3-Flash,c7_stale,complete,block,c1_hosted,300,0,None,0.0,1.0,False,None,0,None,0,0,None,300,0,1.0,0,0.0,"c1_hosted: 300 attempts, 0 HTTP 429 (0.0%)"
GLM-5.3-Flash,c7_noisy,complete,block,c1_hosted,300,0,None,0.0,1.0,False,None,0,None,0,0,None,300,0,1.0,0,0.0,"c1_hosted: 300 attempts, 0 HTTP 429 (0.0%)"
GLM-5.3-Flash,c7_contradictory,complete,block,c1_hosted,300,0,None,0.0,1.0,False,None,0,None,0,0,None,300,0,1.0,0,0.0,"c1_hosted: 300 attempts, 0 HTTP 429 (0.0%)"
GLM-5.3-Flash,c21_fresh,complete,block,c1_hosted,300,0,None,0.0,1.0,False,None,0,None,0,0,None,300,0,1.0,0,0.0,"c1_hosted: 300 attempts, 0 HTTP 429 (0.0%)"
GLM-5.3-Flash,c21_stale,complete,block,c1_hosted,300,0,None,0.0,1.0,False,None,0,None,0,0,None,300,0,1.0,0,0.0,"c1_hosted: 300 attempts, 0 HTTP 429 (0.0%)"
GLM-5.3-Flash,c21_noisy,complete,block,c1_hosted,300,0,None,0.0,1.0,False,None,0,None,0,0,None,300,0,1.0,0,0.0,"c1_hosted: 300 attempts, 0 HTTP 429 (0.0%)"
GLM-5.3-Flash,c21_contradictory,complete,block,c1_hosted,300,0,None,0.0,1.0,False,None,0,None,0,0,None,300,0,1.0,0,0.0,"c1_hosted: 300 attempts, 0 HTTP 429 (0.0%)"
GLM-5.3-Flash,c57_fresh,complete,block,c1_hosted,300,0,None,0.0,1.0,False,None,0,None,0,0,None,300,0,1.0,0,0.0,"c1_hosted: 300 attempts, 0 HTTP 429 (0.0%)"
GLM-5.3-Flash,c57_stale,complete,block,c1_hosted,300,0,None,0.0,1.0,False,None,0,None,0,0,None,300,0,1.0,0,0.0,"c1_hosted: 300 attempts, 0 HTTP 429 (0.0%)"
GLM-5.3-Flash,c57_noisy,complete,block,c1_hosted,300,6,HTTP_429: 6,0.02,0.98,False,None,0,None,0,0,None,300,6,0.98,6,0.02,"c1_hosted: 300 attempts, 6 HTTP 429 (2.0%)"
GLM-5.3-Flash,c57_contradictory,complete,block,c1_hosted,300,24,HTTP_429: 24,0.08,0.92,True,c1_hosted (8.0%),1,c1_rerun/c57_contradictory__GLM-5.3-Flash__rerun1,300,0,None,600,24,0.96,24,0.04,"c1_hosted: 300 attempts, 24 HTTP 429 (8.0%); c1_rerun/c57_contradictory__GLM-5.3-Flash__rerun1: 300 attempts, 0 HTTP 429 (0.0%)"
Qwen3.8-Flash,c3_fresh,complete,per_case,per-case (D-3),300,0,None,0.0,1.0,False,c1_hosted (50.3%); c1_hosted_qwen_block2 (53.3%),4,c1_hosted; c1_hosted_qwen_block2; c1_hosted_qwen_block3; c1_hosted_qwen_gapfill1,195,104,HTTP_429: 104,495,104,0.7898989898989899,104,0.2101010101010101,"c1_hosted: 159 attempts, 80 HTTP 429 (50.3%); c1_hosted_qwen_block2: 30 attempts, 16 HTTP 429 (53.3%); c1_hosted_qwen_block3: 300 attempts, 8 HTTP 429 (2.7%); c1_hosted_qwen_gapfill1: 6 attempts, 0 HTTP 429 (0.0%)"
Qwen3.8-Flash,c3_stale,complete,per_case,per-case (D-3),300,0,None,0.0,1.0,False,c1_hosted_qwen_gapfill1 (8.3%); c1_hosted_qwen_gapfill2 (100.0%); c1_hosted_qwen_gapfill3 (100.0%); c1_hosted_qwen_gapfill4 (100.0%); c1_hosted_qwen_gapfill5 (100.0%),7,c1_hosted_qwen_block3; c1_hosted_qwen_gapfill1; c1_hosted_qwen_gapfill2; c1_hosted_qwen_gapfill3; c1_hosted_qwen_gapfill4; c1_hosted_qwen_gapfill5; c1_hosted_qwen_gapfill6,17,17,HTTP_429: 17,317,17,0.9463722397476341,17,0.05362776025236593,"c1_hosted_qwen_block3: 300 attempts, 12 HTTP 429 (4.0%); c1_hosted_qwen_gapfill1: 12 attempts, 1 HTTP 429 (8.3%); c1_hosted_qwen_gapfill2: 1 attempts, 1 HTTP 429 (100.0%); c1_hosted_qwen_gapfill3: 1 attempts, 1 HTTP 429 (100.0%); c1_hosted_qwen_gapfill4: 1 attempts, 1 HTTP 429 (100.0%); c1_hosted_qwen_gapfill5: 1 attempts, 1 HTTP 429 (100.0%); c1_hosted_qwen_gapfill6: 1 attempts, 0 HTTP 429 (0.0%)"
Qwen3.8-Flash,c3_noisy,complete,per_case,per-case (D-3),300,0,None,0.0,1.0,False,c1_hosted_qwen_block3 (14.3%); c1_hosted_qwen_gapfill1 (20.9%); c1_hosted_qwen_gapfill2 (88.9%); c1_hosted_qwen_gapfill3 (87.5%); c1_hosted_qwen_gapfill4 (100.0%); c1_hosted_qwen_gapfill5 (85.7%),7,c1_hosted_qwen_block3; c1_hosted_qwen_gapfill1; c1_hosted_qwen_gapfill2; c1_hosted_qwen_gapfill3; c1_hosted_qwen_gapfill4; c1_hosted_qwen_gapfill5; c1_hosted_qwen_gapfill6,80,80,HTTP_429: 80,380,80,0.7894736842105263,80,0.21052631578947367,"c1_hosted_qwen_block3: 300 attempts, 43 HTTP 429 (14.3%); c1_hosted_qwen_gapfill1: 43 attempts, 9 HTTP 429 (20.9%); c1_hosted_qwen_gapfill2: 9 attempts, 8 HTTP 429 (88.9%); c1_hosted_qwen_gapfill3: 8 attempts, 7 HTTP 429 (87.5%); c1_hosted_qwen_gapfill4: 7 attempts, 7 HTTP 429 (100.0%); c1_hosted_qwen_gapfill5: 7 attempts, 6 HTTP 429 (85.7%); c1_hosted_qwen_gapfill6: 6 attempts, 0 HTTP 429 (0.0%)"
Qwen3.8-Flash,c3_contradictory,complete,per_case,per-case (D-3),300,0,None,0.0,1.0,False,c1_hosted_qwen_block3 (14.3%); c1_hosted_qwen_gapfill1 (16.3%); c1_hosted_qwen_gapfill2 (100.0%); c1_hosted_qwen_gapfill3 (100.0%); c1_hosted_qwen_gapfill4 (100.0%); c1_hosted_qwen_gapfill5 (85.7%),7,c1_hosted_qwen_block3; c1_hosted_qwen_gapfill1; c1_hosted_qwen_gapfill2; c1_hosted_qwen_gapfill3; c1_hosted_qwen_gapfill4; c1_hosted_qwen_gapfill5; c1_hosted_qwen_gapfill6,77,77,HTTP_429: 77,377,77,0.7957559681697612,77,0.20424403183023873,"c1_hosted_qwen_block3: 300 attempts, 43 HTTP 429 (14.3%); c1_hosted_qwen_gapfill1: 43 attempts, 7 HTTP 429 (16.3%); c1_hosted_qwen_gapfill2: 7 attempts, 7 HTTP 429 (100.0%); c1_hosted_qwen_gapfill3: 7 attempts, 7 HTTP 429 (100.0%); c1_hosted_qwen_gapfill4: 7 attempts, 7 HTTP 429 (100.0%); c1_hosted_qwen_gapfill5: 7 attempts, 6 HTTP 429 (85.7%); c1_hosted_qwen_gapfill6: 6 attempts, 0 HTTP 429 (0.0%)"
Qwen3.8-Flash,c7_fresh,complete,per_case,per-case (D-3),300,0,None,0.0,1.0,False,c1_hosted_qwen_block3 (11.3%),2,c1_hosted_qwen_block3; c1_hosted_qwen_gapfill1,34,34,HTTP_429: 34,334,34,0.8982035928143712,34,0.10179640718562874,"c1_hosted_qwen_block3: 300 attempts, 34 HTTP 429 (11.3%); c1_hosted_qwen_gapfill1: 34 attempts, 0 HTTP 429 (0.0%)"
Qwen3.8-Flash,c7_stale,complete,per_case,per-case (D-3),300,0,None,0.0,1.0,False,c1_hosted_qwen_block3 (36.3%),2,c1_hosted_qwen_block3; c1_hosted_qwen_gapfill1,109,109,HTTP_429: 109,409,109,0.7334963325183375,109,0.2665036674816626,"c1_hosted_qwen_block3: 300 attempts, 109 HTTP 429 (36.3%); c1_hosted_qwen_gapfill1: 109 attempts, 0 HTTP 429 (0.0%)"
Qwen3.8-Flash,c7_noisy,complete,per_case,per-case (D-3),300,0,None,0.0,1.0,False,c1_hosted_qwen_block3 (44.0%),2,c1_hosted_qwen_block3; c1_hosted_qwen_gapfill1,132,132,HTTP_429: 132,432,132,0.6944444444444444,132,0.3055555555555556,"c1_hosted_qwen_block3: 300 attempts, 132 HTTP 429 (44.0%); c1_hosted_qwen_gapfill1: 132 attempts, 0 HTTP 429 (0.0%)"
Qwen3.8-Flash,c7_contradictory,complete,per_case,per-case (D-3),300,0,None,0.0,1.0,False,c1_hosted_qwen_block3 (19.3%),2,c1_hosted_qwen_block3; c1_hosted_qwen_gapfill1,58,58,HTTP_429: 58,358,58,0.8379888268156425,58,0.16201117318435754,"c1_hosted_qwen_block3: 300 attempts, 58 HTTP 429 (19.3%); c1_hosted_qwen_gapfill1: 58 attempts, 0 HTTP 429 (0.0%)"
Qwen3.8-Flash,c21_fresh,complete,per_case,per-case (D-3),300,0,None,0.0,1.0,False,c1_hosted_qwen_block3 (6.3%); c1_hosted_qwen_gapfill1 (57.9%); c1_hosted_qwen_gapfill2 (90.9%); c1_hosted_qwen_gapfill3 (80.0%); c1_hosted_qwen_gapfill4 (87.5%); c1_hosted_qwen_gapfill5 (85.7%),7,c1_hosted_qwen_block3; c1_hosted_qwen_gapfill1; c1_hosted_qwen_gapfill2; c1_hosted_qwen_gapfill3; c1_hosted_qwen_gapfill4; c1_hosted_qwen_gapfill5; c1_hosted_qwen_gapfill6,61,61,HTTP_429: 61,361,61,0.8310249307479225,61,0.16897506925207756,"c1_hosted_qwen_block3: 300 attempts, 19 HTTP 429 (6.3%); c1_hosted_qwen_gapfill1: 19 attempts, 11 HTTP 429 (57.9%); c1_hosted_qwen_gapfill2: 11 attempts, 10 HTTP 429 (90.9%); c1_hosted_qwen_gapfill3: 10 attempts, 8 HTTP 429 (80.0%); c1_hosted_qwen_gapfill4: 8 attempts, 7 HTTP 429 (87.5%); c1_hosted_qwen_gapfill5: 7 attempts, 6 HTTP 429 (85.7%); c1_hosted_qwen_gapfill6: 6 attempts, 0 HTTP 429 (0.0%)"
Qwen3.8-Flash,c21_stale,complete,per_case,per-case (D-3),300,0,None,0.0,1.0,False,c1_hosted_qwen_block3 (9.3%); c1_hosted_qwen_gapfill1 (25.0%); c1_hosted_qwen_gapfill2 (85.7%); c1_hosted_qwen_gapfill3 (100.0%); c1_hosted_qwen_gapfill4 (66.7%); c1_hosted_qwen_gapfill5 (75.0%),7,c1_hosted_qwen_block3; c1_hosted_qwen_gapfill1; c1_hosted_qwen_gapfill2; c1_hosted_qwen_gapfill3; c1_hosted_qwen_gapfill4; c1_hosted_qwen_gapfill5; c1_hosted_qwen_gapfill6,54,54,HTTP_429: 54,354,54,0.847457627118644,54,0.15254237288135594,"c1_hosted_qwen_block3: 300 attempts, 28 HTTP 429 (9.3%); c1_hosted_qwen_gapfill1: 28 attempts, 7 HTTP 429 (25.0%); c1_hosted_qwen_gapfill2: 7 attempts, 6 HTTP 429 (85.7%); c1_hosted_qwen_gapfill3: 6 attempts, 6 HTTP 429 (100.0%); c1_hosted_qwen_gapfill4: 6 attempts, 4 HTTP 429 (66.7%); c1_hosted_qwen_gapfill5: 4 attempts, 3 HTTP 429 (75.0%); c1_hosted_qwen_gapfill6: 3 attempts, 0 HTTP 429 (0.0%)"
Qwen3.8-Flash,c21_noisy,complete,per_case,per-case (D-3),300,0,None,0.0,1.0,False,c1_hosted_qwen_block3 (7.7%); c1_hosted_qwen_gapfill1 (56.5%); c1_hosted_qwen_gapfill2 (92.3%); c1_hosted_qwen_gapfill3 (91.7%); c1_hosted_qwen_gapfill4 (100.0%); c1_hosted_qwen_gapfill5 (81.8%),7,c1_hosted_qwen_block3; c1_hosted_qwen_gapfill1; c1_hosted_qwen_gapfill2; c1_hosted_qwen_gapfill3; c1_hosted_qwen_gapfill4; c1_hosted_qwen_gapfill5; c1_hosted_qwen_gapfill6,79,79,HTTP_429: 79,379,79,0.79155672823219,79,0.20844327176781002,"c1_hosted_qwen_block3: 300 attempts, 23 HTTP 429 (7.7%); c1_hosted_qwen_gapfill1: 23 attempts, 13 HTTP 429 (56.5%); c1_hosted_qwen_gapfill2: 13 attempts, 12 HTTP 429 (92.3%); c1_hosted_qwen_gapfill3: 12 attempts, 11 HTTP 429 (91.7%); c1_hosted_qwen_gapfill4: 11 attempts, 11 HTTP 429 (100.0%); c1_hosted_qwen_gapfill5: 11 attempts, 9 HTTP 429 (81.8%); c1_hosted_qwen_gapfill6: 9 attempts, 0 HTTP 429 (0.0%)"
Qwen3.8-Flash,c21_contradictory,complete,per_case,per-case (D-3),300,0,None,0.0,1.0,False,None,1,c1_hosted_qwen_block3,0,0,None,300,0,1.0,0,0.0,"c1_hosted_qwen_block3: 300 attempts, 0 HTTP 429 (0.0%)"
Qwen3.8-Flash,c57_fresh,complete,per_case,per-case (D-3),300,0,None,0.0,1.0,False,None,1,c1_hosted_qwen_block3,0,0,None,300,0,1.0,0,0.0,"c1_hosted_qwen_block3: 300 attempts, 0 HTTP 429 (0.0%)"
Qwen3.8-Flash,c57_stale,complete,per_case,per-case (D-3),300,0,None,0.0,1.0,False,c1_hosted_qwen_block3 (27.7%),2,c1_hosted_qwen_block3; c1_hosted_qwen_gapfill1,83,83,HTTP_429: 83,383,83,0.783289817232376,83,0.21671018276762402,"c1_hosted_qwen_block3: 300 attempts, 83 HTTP 429 (27.7%); c1_hosted_qwen_gapfill1: 83 attempts, 0 HTTP 429 (0.0%)"
Qwen3.8-Flash,c57_noisy,complete,per_case,per-case (D-3),300,0,None,0.0,1.0,False,c1_hosted_qwen_block3 (81.0%); c1_hosted_qwen_gapfill2 (90.0%); c1_hosted_qwen_gapfill3 (77.8%); c1_hosted_qwen_gapfill4 (85.7%); c1_hosted_qwen_gapfill5 (83.3%),7,c1_hosted_qwen_block3; c1_hosted_qwen_gapfill1; c1_hosted_qwen_gapfill2; c1_hosted_qwen_gapfill3; c1_hosted_qwen_gapfill4; c1_hosted_qwen_gapfill5; c1_hosted_qwen_gapfill6,280,280,HTTP_429: 280,580,280,0.5172413793103448,280,0.4827586206896552,"c1_hosted_qwen_block3: 300 attempts, 243 HTTP 429 (81.0%); c1_hosted_qwen_gapfill1: 243 attempts, 10 HTTP 429 (4.1%); c1_hosted_qwen_gapfill2: 10 attempts, 9 HTTP 429 (90.0%); c1_hosted_qwen_gapfill3: 9 attempts, 7 HTTP 429 (77.8%); c1_hosted_qwen_gapfill4: 7 attempts, 6 HTTP 429 (85.7%); c1_hosted_qwen_gapfill5: 6 attempts, 5 HTTP 429 (83.3%); c1_hosted_qwen_gapfill6: 5 attempts, 0 HTTP 429 (0.0%)"
Qwen3.8-Flash,c57_contradictory,complete,per_case,per-case (D-3),300,0,None,0.0,1.0,False,c1_hosted_qwen_block3 (55.7%); c1_hosted_qwen_gapfill2 (100.0%); c1_hosted_qwen_gapfill3 (100.0%); c1_hosted_qwen_gapfill4 (100.0%); c1_hosted_qwen_gapfill5 (100.0%),7,c1_hosted_qwen_block3; c1_hosted_qwen_gapfill1; c1_hosted_qwen_gapfill2; c1_hosted_qwen_gapfill3; c1_hosted_qwen_gapfill4; c1_hosted_qwen_gapfill5; c1_hosted_qwen_gapfill6,172,172,HTTP_429: 172,472,172,0.6355932203389831,172,0.3644067796610169,"c1_hosted_qwen_block3: 300 attempts, 167 HTTP 429 (55.7%); c1_hosted_qwen_gapfill1: 167 attempts, 1 HTTP 429 (0.6%); c1_hosted_qwen_gapfill2: 1 attempts, 1 HTTP 429 (100.0%); c1_hosted_qwen_gapfill3: 1 attempts, 1 HTTP 429 (100.0%); c1_hosted_qwen_gapfill4: 1 attempts, 1 HTTP 429 (100.0%); c1_hosted_qwen_gapfill5: 1 attempts, 1 HTTP 429 (100.0%); c1_hosted_qwen_gapfill6: 1 attempts, 0 HTTP 429 (0.0%)"
SemIf-Qwen3.5-4B,c3_fresh,complete,block,c1_selfhosted/semif/c3_fresh/test,300,0,None,0.0,1.0,False,None,0,None,0,0,None,300,0,1.0,0,0.0,"c1_selfhosted/semif/c3_fresh/test: 300 attempts, 0 HTTP 429 (0.0%)"
SemIf-Qwen3.5-4B,c3_stale,complete,block,c1_selfhosted/semif/c3_stale/test,300,0,None,0.0,1.0,False,None,0,None,0,0,None,300,0,1.0,0,0.0,"c1_selfhosted/semif/c3_stale/test: 300 attempts, 0 HTTP 429 (0.0%)"
SemIf-Qwen3.5-4B,c3_noisy,complete,block,c1_selfhosted/semif/c3_noisy/test,300,0,None,0.0,1.0,False,None,0,None,0,0,None,300,0,1.0,0,0.0,"c1_selfhosted/semif/c3_noisy/test: 300 attempts, 0 HTTP 429 (0.0%)"
SemIf-Qwen3.5-4B,c3_contradictory,complete,block,c1_selfhosted/semif/c3_contradictory/test,300,0,None,0.0,1.0,False,None,0,None,0,0,None,300,0,1.0,0,0.0,"c1_selfhosted/semif/c3_contradictory/test: 300 attempts, 0 HTTP 429 (0.0%)"
SemIf-Qwen3.5-4B,c7_fresh,complete,block,c1_selfhosted/semif/c7_fresh/test,300,0,None,0.0,1.0,False,None,0,None,0,0,None,300,0,1.0,0,0.0,"c1_selfhosted/semif/c7_fresh/test: 300 attempts, 0 HTTP 429 (0.0%)"
SemIf-Qwen3.5-4B,c7_stale,complete,block,c1_selfhosted/semif/c7_stale/test,300,0,None,0.0,1.0,False,None,0,None,0,0,None,300,0,1.0,0,0.0,"c1_selfhosted/semif/c7_stale/test: 300 attempts, 0 HTTP 429 (0.0%)"
SemIf-Qwen3.5-4B,c7_noisy,complete,block,c1_selfhosted/semif/c7_noisy/test,300,0,None,0.0,1.0,False,None,0,None,0,0,None,300,0,1.0,0,0.0,"c1_selfhosted/semif/c7_noisy/test: 300 attempts, 0 HTTP 429 (0.0%)"
SemIf-Qwen3.5-4B,c7_contradictory,complete,block,c1_selfhosted/semif/c7_contradictory/test,300,0,None,0.0,1.0,False,None,0,None,0,0,None,300,0,1.0,0,0.0,"c1_selfhosted/semif/c7_contradictory/test: 300 attempts, 0 HTTP 429 (0.0%)"
SemIf-Qwen3.5-4B,c21_fresh,complete,block,c1_selfhosted/semif/c21_fresh/test,300,0,None,0.0,1.0,False,None,0,None,0,0,None,300,0,1.0,0,0.0,"c1_selfhosted/semif/c21_fresh/test: 300 attempts, 0 HTTP 429 (0.0%)"
SemIf-Qwen3.5-4B,c21_stale,complete,block,c1_selfhosted/semif/c21_stale/test,300,0,None,0.0,1.0,False,None,0,None,0,0,None,300,0,1.0,0,0.0,"c1_selfhosted/semif/c21_stale/test: 300 attempts, 0 HTTP 429 (0.0%)"
SemIf-Qwen3.5-4B,c21_noisy,complete,block,c1_selfhosted/semif/c21_noisy/test,300,0,None,0.0,1.0,False,None,0,None,0,0,None,300,0,1.0,0,0.0,"c1_selfhosted/semif/c21_noisy/test: 300 attempts, 0 HTTP 429 (0.0%)"
SemIf-Qwen3.5-4B,c21_contradictory,complete,block,c1_selfhosted/semif/c21_contradictory/test,300,0,None,0.0,1.0,False,None,0,None,0,0,None,300,0,1.0,0,0.0,"c1_selfhosted/semif/c21_contradictory/test: 300 attempts, 0 HTTP 429 (0.0%)"
SemIf-Qwen3.5-4B,c57_fresh,complete,block,c1_selfhosted/semif/c57_fresh/test,300,0,None,0.0,1.0,False,None,0,None,0,0,None,300,0,1.0,0,0.0,"c1_selfhosted/semif/c57_fresh/test: 300 attempts, 0 HTTP 429 (0.0%)"
SemIf-Qwen3.5-4B,c57_stale,complete,block,c1_selfhosted/semif/c57_stale/test,300,0,None,0.0,1.0,False,None,0,None,0,0,None,300,0,1.0,0,0.0,"c1_selfhosted/semif/c57_stale/test: 300 attempts, 0 HTTP 429 (0.0%)"
SemIf-Qwen3.5-4B,c57_noisy,complete,block,c1_selfhosted/semif/c57_noisy/test,300,0,None,0.0,1.0,False,None,0,None,0,0,None,300,0,1.0,0,0.0,"c1_selfhosted/semif/c57_noisy/test: 300 attempts, 0 HTTP 429 (0.0%)"
SemIf-Qwen3.5-4B,c57_contradictory,complete,block,c1_selfhosted/semif/c57_contradictory/test,300,0,None,0.0,1.0,False,None,0,None,0,0,None,300,0,1.0,0,0.0,"c1_selfhosted/semif/c57_contradictory/test: 300 attempts, 0 HTTP 429 (0.0%)"
AnyJev-L0,c3_fresh,complete,block,c1_selfhosted/anyjev/c3_fresh/test,300,0,None,0.0,1.0,False,None,0,None,0,0,None,300,0,1.0,0,0.0,"c1_selfhosted/anyjev/c3_fresh/test: 300 attempts, 0 HTTP 429 (0.0%)"
AnyJev-L0,c3_stale,complete,block,c1_selfhosted/anyjev/c3_stale/test,300,0,None,0.0,1.0,False,None,0,None,0,0,None,300,0,1.0,0,0.0,"c1_selfhosted/anyjev/c3_stale/test: 300 attempts, 0 HTTP 429 (0.0%)"
AnyJev-L0,c3_noisy,complete,block,c1_selfhosted/anyjev/c3_noisy/test,300,0,None,0.0,1.0,False,None,0,None,0,0,None,300,0,1.0,0,0.0,"c1_selfhosted/anyjev/c3_noisy/test: 300 attempts, 0 HTTP 429 (0.0%)"
AnyJev-L0,c3_contradictory,complete,block,c1_selfhosted/anyjev/c3_contradictory/test,300,0,None,0.0,1.0,False,None,0,None,0,0,None,300,0,1.0,0,0.0,"c1_selfhosted/anyjev/c3_contradictory/test: 300 attempts, 0 HTTP 429 (0.0%)"
AnyJev-L0,c7_fresh,complete,block,c1_selfhosted/anyjev/c7_fresh/test,300,0,None,0.0,1.0,False,None,0,None,0,0,None,300,0,1.0,0,0.0,"c1_selfhosted/anyjev/c7_fresh/test: 300 attempts, 0 HTTP 429 (0.0%)"
AnyJev-L0,c7_stale,complete,block,c1_selfhosted/anyjev/c7_stale/test,300,0,None,0.0,1.0,False,None,0,None,0,0,None,300,0,1.0,0,0.0,"c1_selfhosted/anyjev/c7_stale/test: 300 attempts, 0 HTTP 429 (0.0%)"
AnyJev-L0,c7_noisy,complete,block,c1_selfhosted/anyjev/c7_noisy/test,300,0,None,0.0,1.0,False,None,0,None,0,0,None,300,0,1.0,0,0.0,"c1_selfhosted/anyjev/c7_noisy/test: 300 attempts, 0 HTTP 429 (0.0%)"
AnyJev-L0,c7_contradictory,complete,block,c1_selfhosted/anyjev/c7_contradictory/test,300,0,None,0.0,1.0,False,None,0,None,0,0,None,300,0,1.0,0,0.0,"c1_selfhosted/anyjev/c7_contradictory/test: 300 attempts, 0 HTTP 429 (0.0%)"
AnyJev-L0,c21_fresh,complete,block,c1_selfhosted/anyjev/c21_fresh/test,300,0,None,0.0,1.0,False,None,0,None,0,0,None,300,0,1.0,0,0.0,"c1_selfhosted/anyjev/c21_fresh/test: 300 attempts, 0 HTTP 429 (0.0%)"
AnyJev-L0,c21_stale,complete,block,c1_selfhosted/anyjev/c21_stale/test,300,0,None,0.0,1.0,False,None,0,None,0,0,None,300,0,1.0,0,0.0,"c1_selfhosted/anyjev/c21_stale/test: 300 attempts, 0 HTTP 429 (0.0%)"
AnyJev-L0,c21_noisy,complete,block,c1_selfhosted/anyjev/c21_noisy/test,300,0,None,0.0,1.0,False,None,0,None,0,0,None,300,0,1.0,0,0.0,"c1_selfhosted/anyjev/c21_noisy/test: 300 attempts, 0 HTTP 429 (0.0%)"
AnyJev-L0,c21_contradictory,complete,block,c1_selfhosted/anyjev/c21_contradictory/test,300,0,None,0.0,1.0,False,None,0,None,0,0,None,300,0,1.0,0,0.0,"c1_selfhosted/anyjev/c21_contradictory/test: 300 attempts, 0 HTTP 429 (0.0%)"
AnyJev-L0,c57_fresh,complete,block,c1_selfhosted/anyjev/c57_fresh/test,300,0,None,0.0,1.0,False,None,0,None,0,0,None,300,0,1.0,0,0.0,"c1_selfhosted/anyjev/c57_fresh/test: 300 attempts, 0 HTTP 429 (0.0%)"
AnyJev-L0,c57_stale,complete,block,c1_selfhosted/anyjev/c57_stale/test,300,0,None,0.0,1.0,False,None,0,None,0,0,None,300,0,1.0,0,0.0,"c1_selfhosted/anyjev/c57_stale/test: 300 attempts, 0 HTTP 429 (0.0%)"
AnyJev-L0,c57_noisy,complete,block,c1_selfhosted/anyjev/c57_noisy/test,300,0,None,0.0,1.0,False,None,0,None,0,0,None,300,0,1.0,0,0.0,"c1_selfhosted/anyjev/c57_noisy/test: 300 attempts, 0 HTTP 429 (0.0%)"
AnyJev-L0,c57_contradictory,complete,block,c1_selfhosted/anyjev/c57_contradictory/test,300,0,None,0.0,1.0,False,None,0,None,0,0,None,300,0,1.0,0,0.0,"c1_selfhosted/anyjev/c57_contradictory/test: 300 attempts, 0 HTTP 429 (0.0%)"
Qwen3.5-4B-JSON,c3_fresh,complete,block,c1_selfhosted/qwen_json/c3_fresh/test,300,0,None,0.0,1.0,False,None,0,None,0,0,None,300,0,1.0,0,0.0,"c1_selfhosted/qwen_json/c3_fresh/test: 300 attempts, 0 HTTP 429 (0.0%)"
Qwen3.5-4B-JSON,c3_stale,complete,block,c1_selfhosted/qwen_json/c3_stale/test,300,0,None,0.0,1.0,False,None,0,None,0,0,None,300,0,1.0,0,0.0,"c1_selfhosted/qwen_json/c3_stale/test: 300 attempts, 0 HTTP 429 (0.0%)"
Qwen3.5-4B-JSON,c3_noisy,complete,block,c1_selfhosted/qwen_json/c3_noisy/test,300,0,None,0.0,1.0,False,None,0,None,0,0,None,300,0,1.0,0,0.0,"c1_selfhosted/qwen_json/c3_noisy/test: 300 attempts, 0 HTTP 429 (0.0%)"
Qwen3.5-4B-JSON,c3_contradictory,complete,block,c1_selfhosted/qwen_json/c3_contradictory/test,300,0,None,0.0,1.0,False,None,0,None,0,0,None,300,0,1.0,0,0.0,"c1_selfhosted/qwen_json/c3_contradictory/test: 300 attempts, 0 HTTP 429 (0.0%)"
Qwen3.5-4B-JSON,c7_fresh,complete,block,c1_selfhosted/qwen_json/c7_fresh/test,300,0,None,0.0,1.0,False,None,0,None,0,0,None,300,0,1.0,0,0.0,"c1_selfhosted/qwen_json/c7_fresh/test: 300 attempts, 0 HTTP 429 (0.0%)"
Qwen3.5-4B-JSON,c7_stale,complete,block,c1_selfhosted/qwen_json/c7_stale/test,300,0,None,0.0,1.0,False,None,0,None,0,0,None,300,0,1.0,0,0.0,"c1_selfhosted/qwen_json/c7_stale/test: 300 attempts, 0 HTTP 429 (0.0%)"
Qwen3.5-4B-JSON,c7_noisy,complete,block,c1_selfhosted/qwen_json/c7_noisy/test,300,0,None,0.0,1.0,False,None,0,None,0,0,None,300,0,1.0,0,0.0,"c1_selfhosted/qwen_json/c7_noisy/test: 300 attempts, 0 HTTP 429 (0.0%)"
Qwen3.5-4B-JSON,c7_contradictory,complete,block,c1_selfhosted/qwen_json/c7_contradictory/test,300,0,None,0.0,1.0,False,None,0,None,0,0,None,300,0,1.0,0,0.0,"c1_selfhosted/qwen_json/c7_contradictory/test: 300 attempts, 0 HTTP 429 (0.0%)"
Qwen3.5-4B-JSON,c21_fresh,complete,block,c1_selfhosted/qwen_json/c21_fresh/test,300,0,None,0.0,1.0,False,None,0,None,0,0,None,300,0,1.0,0,0.0,"c1_selfhosted/qwen_json/c21_fresh/test: 300 attempts, 0 HTTP 429 (0.0%)"
Qwen3.5-4B-JSON,c21_stale,complete,block,c1_selfhosted/qwen_json/c21_stale/test,300,0,None,0.0,1.0,False,None,0,None,0,0,None,300,0,1.0,0,0.0,"c1_selfhosted/qwen_json/c21_stale/test: 300 attempts, 0 HTTP 429 (0.0%)"
Qwen3.5-4B-JSON,c21_noisy,complete,block,c1_selfhosted/qwen_json/c21_noisy/test,300,0,None,0.0,1.0,False,None,0,None,0,0,None,300,0,1.0,0,0.0,"c1_selfhosted/qwen_json/c21_noisy/test: 300 attempts, 0 HTTP 429 (0.0%)"
Qwen3.5-4B-JSON,c21_contradictory,complete,block,c1_selfhosted/qwen_json/c21_contradictory/test,300,0,None,0.0,1.0,False,None,0,None,0,0,None,300,0,1.0,0,0.0,"c1_selfhosted/qwen_json/c21_contradictory/test: 300 attempts, 0 HTTP 429 (0.0%)"
Qwen3.5-4B-JSON,c57_fresh,complete,block,c1_selfhosted/qwen_json/c57_fresh/test,300,0,None,0.0,1.0,False,None,0,None,0,0,None,300,0,1.0,0,0.0,"c1_selfhosted/qwen_json/c57_fresh/test: 300 attempts, 0 HTTP 429 (0.0%)"
Qwen3.5-4B-JSON,c57_stale,complete,block,c1_selfhosted/qwen_json/c57_stale/test,300,0,None,0.0,1.0,False,None,0,None,0,0,None,300,0,1.0,0,0.0,"c1_selfhosted/qwen_json/c57_stale/test: 300 attempts, 0 HTTP 429 (0.0%)"
Qwen3.5-4B-JSON,c57_noisy,complete,block,c1_selfhosted/qwen_json/c57_noisy/test,300,0,None,0.0,1.0,False,None,0,None,0,0,None,300,0,1.0,0,0.0,"c1_selfhosted/qwen_json/c57_noisy/test: 300 attempts, 0 HTTP 429 (0.0%)"
Qwen3.5-4B-JSON,c57_contradictory,complete,block,c1_selfhosted/qwen_json/c57_contradictory/test,300,0,None,0.0,1.0,False,None,0,None,0,0,None,300,0,1.0,0,0.0,"c1_selfhosted/qwen_json/c57_contradictory/test: 300 attempts, 0 HTTP 429 (0.0%)"
