model,quality,n_cells,condition,target_cluster_state_dep_acc,actuated_vector_match,full_policy_match
Jev-1.13.0,fresh,3,c3_fresh,1.0,0.9933333333333333,0.9933333333333333
Jev-1.13.0,fresh,7,c7_fresh,0.9666666666666667,0.9933333333333333,0.9766666666666667
Jev-1.13.0,fresh,21,c21_fresh,0.9,0.9933333333333333,0.9433333333333334
Jev-1.13.0,fresh,57,c57_fresh,0.9066666666666666,0.9933333333333333,0.9466666666666667
Jev-1.13.0,stale,3,c3_stale,0.8333333333333334,0.9933333333333333,0.91
Jev-1.13.0,stale,7,c7_stale,0.7933333333333333,0.9866666666666667,0.8866666666666667
Jev-1.13.0,stale,21,c21_stale,0.68,0.9933333333333333,0.8333333333333334
Jev-1.13.0,stale,57,c57_stale,0.7,0.99,0.8433333333333334
Jev-1.13.0,noisy,3,c3_noisy,0.9933333333333333,0.9933333333333333,0.99
Jev-1.13.0,noisy,7,c7_noisy,0.98,0.9933333333333333,0.9833333333333333
Jev-1.13.0,noisy,21,c21_noisy,0.9266666666666666,0.99,0.9566666666666667
Jev-1.13.0,noisy,57,c57_noisy,0.8866666666666667,0.9933333333333333,0.9366666666666666
Jev-1.13.0,contradictory,3,c3_contradictory,0.7266666666666667,0.9933333333333333,0.8566666666666667
Jev-1.13.0,contradictory,7,c7_contradictory,0.7466666666666667,0.9933333333333333,0.8666666666666667
Jev-1.13.0,contradictory,21,c21_contradictory,0.7133333333333334,0.9933333333333333,0.85
Jev-1.13.0,contradictory,57,c57_contradictory,0.6333333333333333,0.99,0.81
DeepSeek-V4.1-Flash,fresh,3,c3_fresh,0.98,0.9766666666666667,0.97
DeepSeek-V4.1-Flash,fresh,7,c7_fresh,0.9866666666666667,0.98,0.9666666666666667
DeepSeek-V4.1-Flash,fresh,21,c21_fresh,0.9666666666666667,0.9766666666666667,0.9633333333333334
DeepSeek-V4.1-Flash,fresh,57,c57_fresh,0.96,0.9733333333333334,0.95
DeepSeek-V4.1-Flash,stale,3,c3_stale,0.7466666666666667,0.9733333333333334,0.8433333333333334
DeepSeek-V4.1-Flash,stale,7,c7_stale,0.8333333333333334,0.9766666666666667,0.8866666666666667
DeepSeek-V4.1-Flash,stale,21,c21_stale,0.76,0.9766666666666667,0.86
DeepSeek-V4.1-Flash,stale,57,c57_stale,0.6933333333333334,0.9733333333333334,0.83
DeepSeek-V4.1-Flash,noisy,3,c3_noisy,0.9866666666666667,0.9833333333333333,0.9733333333333334
DeepSeek-V4.1-Flash,noisy,7,c7_noisy,0.9866666666666667,0.9766666666666667,0.9666666666666667
DeepSeek-V4.1-Flash,noisy,21,c21_noisy,0.98,0.9733333333333334,0.9633333333333334
DeepSeek-V4.1-Flash,noisy,57,c57_noisy,0.9733333333333334,0.9766666666666667,0.9633333333333334
DeepSeek-V4.1-Flash,contradictory,3,c3_contradictory,0.68,0.9766666666666667,0.8166666666666667
DeepSeek-V4.1-Flash,contradictory,7,c7_contradictory,0.7266666666666667,0.9766666666666667,0.84
DeepSeek-V4.1-Flash,contradictory,21,c21_contradictory,0.7266666666666667,0.98,0.84
DeepSeek-V4.1-Flash,contradictory,57,c57_contradictory,0.6666666666666666,0.9766666666666667,0.8166666666666667
GLM-5.3-Flash,fresh,3,c3_fresh,0.9933333333333333,0.99,0.94
GLM-5.3-Flash,fresh,7,c7_fresh,0.9933333333333333,0.9933333333333333,0.95
GLM-5.3-Flash,fresh,21,c21_fresh,0.98,0.99,0.9266666666666666
GLM-5.3-Flash,fresh,57,c57_fresh,0.9666666666666667,0.9933333333333333,0.94
GLM-5.3-Flash,stale,3,c3_stale,0.9933333333333333,0.99,0.96
GLM-5.3-Flash,stale,7,c7_stale,0.9666666666666667,0.9933333333333333,0.9333333333333333
GLM-5.3-Flash,stale,21,c21_stale,0.9866666666666667,0.99,0.9633333333333334
GLM-5.3-Flash,stale,57,c57_stale,0.9533333333333334,0.9933333333333333,0.9466666666666667
GLM-5.3-Flash,noisy,3,c3_noisy,0.9933333333333333,0.99,0.96
GLM-5.3-Flash,noisy,7,c7_noisy,0.9933333333333333,0.9866666666666667,0.9566666666666667
GLM-5.3-Flash,noisy,21,c21_noisy,1.0,0.99,0.9533333333333334
GLM-5.3-Flash,noisy,57,c57_noisy,0.9666666666666667,0.97,0.94
GLM-5.3-Flash,contradictory,3,c3_contradictory,0.9266666666666666,0.99,0.9133333333333333
GLM-5.3-Flash,contradictory,7,c7_contradictory,0.96,0.9933333333333333,0.9233333333333333
GLM-5.3-Flash,contradictory,21,c21_contradictory,0.98,0.9933333333333333,0.9533333333333334
GLM-5.3-Flash,contradictory,57,c57_contradictory,0.8533333333333334,0.9133333333333333,0.8133333333333334
Qwen3.8-Flash,fresh,3,c3_fresh,0.9933333333333333,0.9866666666666667,0.9633333333333334
Qwen3.8-Flash,fresh,7,c7_fresh,0.9733333333333334,0.99,0.9533333333333334
Qwen3.8-Flash,fresh,21,c21_fresh,0.9266666666666666,0.99,0.9366666666666666
Qwen3.8-Flash,fresh,57,c57_fresh,0.88,0.9833333333333333,0.9066666666666666
Qwen3.8-Flash,stale,3,c3_stale,0.72,0.9866666666666667,0.7966666666666666
Qwen3.8-Flash,stale,7,c7_stale,0.7466666666666667,0.99,0.8266666666666667
Qwen3.8-Flash,stale,21,c21_stale,0.6866666666666666,0.9866666666666667,0.8
Qwen3.8-Flash,stale,57,c57_stale,0.7333333333333333,0.99,0.85
Qwen3.8-Flash,noisy,3,c3_noisy,1.0,0.9933333333333333,0.9633333333333334
Qwen3.8-Flash,noisy,7,c7_noisy,0.9866666666666667,0.99,0.9433333333333334
Qwen3.8-Flash,noisy,21,c21_noisy,0.94,0.9866666666666667,0.94
Qwen3.8-Flash,noisy,57,c57_noisy,0.9066666666666666,0.9866666666666667,0.9133333333333333
Qwen3.8-Flash,contradictory,3,c3_contradictory,0.6266666666666667,0.9866666666666667,0.77
Qwen3.8-Flash,contradictory,7,c7_contradictory,0.74,0.9866666666666667,0.8233333333333334
Qwen3.8-Flash,contradictory,21,c21_contradictory,0.7466666666666667,0.9866666666666667,0.8266666666666667
Qwen3.8-Flash,contradictory,57,c57_contradictory,0.62,0.9866666666666667,0.7666666666666667
SemIf-Qwen3.5-4B,fresh,3,c3_fresh,0.24666666666666667,0.9633333333333334,0.3
SemIf-Qwen3.5-4B,fresh,7,c7_fresh,0.12666666666666668,0.9666666666666667,0.24333333333333335
SemIf-Qwen3.5-4B,fresh,21,c21_fresh,0.13333333333333333,0.96,0.11666666666666667
SemIf-Qwen3.5-4B,fresh,57,c57_fresh,0.14,0.9533333333333334,0.1
SemIf-Qwen3.5-4B,stale,3,c3_stale,0.1,0.9633333333333334,0.19
SemIf-Qwen3.5-4B,stale,7,c7_stale,0.11333333333333333,0.9633333333333334,0.15
SemIf-Qwen3.5-4B,stale,21,c21_stale,0.1,0.9666666666666667,0.15666666666666668
SemIf-Qwen3.5-4B,stale,57,c57_stale,0.05333333333333334,0.9633333333333334,0.1
SemIf-Qwen3.5-4B,noisy,3,c3_noisy,0.23333333333333334,0.9633333333333334,0.3433333333333333
SemIf-Qwen3.5-4B,noisy,7,c7_noisy,0.15333333333333332,0.96,0.27
SemIf-Qwen3.5-4B,noisy,21,c21_noisy,0.16666666666666666,0.9533333333333334,0.15666666666666668
SemIf-Qwen3.5-4B,noisy,57,c57_noisy,0.14666666666666667,0.9533333333333334,0.10666666666666667
SemIf-Qwen3.5-4B,contradictory,3,c3_contradictory,0.14,0.9666666666666667,0.20666666666666667
SemIf-Qwen3.5-4B,contradictory,7,c7_contradictory,0.12666666666666668,0.96,0.21666666666666667
SemIf-Qwen3.5-4B,contradictory,21,c21_contradictory,0.13333333333333333,0.9633333333333334,0.10333333333333333
SemIf-Qwen3.5-4B,contradictory,57,c57_contradictory,0.16666666666666666,0.96,0.10333333333333333
AnyJev-L0,fresh,3,c3_fresh,0.5933333333333334,0.8433333333333334,0.25666666666666665
AnyJev-L0,fresh,7,c7_fresh,0.36666666666666664,0.84,0.13666666666666666
AnyJev-L0,fresh,21,c21_fresh,0.28,0.8433333333333334,0.09666666666666666
AnyJev-L0,fresh,57,c57_fresh,0.28,0.8166666666666667,0.09666666666666666
AnyJev-L0,stale,3,c3_stale,0.35333333333333333,0.8333333333333334,0.13666666666666666
AnyJev-L0,stale,7,c7_stale,0.29333333333333333,0.8466666666666667,0.11
AnyJev-L0,stale,21,c21_stale,0.24,0.85,0.06333333333333334
AnyJev-L0,stale,57,c57_stale,0.21333333333333335,0.86,0.07666666666666666
AnyJev-L0,noisy,3,c3_noisy,0.54,0.84,0.20666666666666667
AnyJev-L0,noisy,7,c7_noisy,0.4066666666666667,0.8333333333333334,0.15
AnyJev-L0,noisy,21,c21_noisy,0.3333333333333333,0.84,0.13
AnyJev-L0,noisy,57,c57_noisy,0.24,0.8533333333333334,0.09333333333333334
AnyJev-L0,contradictory,3,c3_contradictory,0.29333333333333333,0.8566666666666667,0.12
AnyJev-L0,contradictory,7,c7_contradictory,0.22,0.8033333333333333,0.07
AnyJev-L0,contradictory,21,c21_contradictory,0.22666666666666666,0.8233333333333334,0.09
AnyJev-L0,contradictory,57,c57_contradictory,0.24666666666666667,0.7966666666666666,0.06666666666666667
Qwen3.5-4B-JSON,fresh,3,c3_fresh,0.6333333333333333,0.7233333333333334,0.16333333333333333
Qwen3.5-4B-JSON,fresh,7,c7_fresh,0.47333333333333333,0.7066666666666667,0.1
Qwen3.5-4B-JSON,fresh,21,c21_fresh,0.36666666666666664,0.7,0.09
Qwen3.5-4B-JSON,fresh,57,c57_fresh,0.2866666666666667,0.6933333333333334,0.06666666666666667
Qwen3.5-4B-JSON,stale,3,c3_stale,0.4,0.6766666666666666,0.07333333333333333
Qwen3.5-4B-JSON,stale,7,c7_stale,0.38666666666666666,0.68,0.07666666666666666
Qwen3.5-4B-JSON,stale,21,c21_stale,0.3,0.6966666666666667,0.06666666666666667
Qwen3.5-4B-JSON,stale,57,c57_stale,0.2733333333333333,0.71,0.08
Qwen3.5-4B-JSON,noisy,3,c3_noisy,0.64,0.7233333333333334,0.17
Qwen3.5-4B-JSON,noisy,7,c7_noisy,0.5333333333333333,0.7066666666666667,0.11333333333333333
Qwen3.5-4B-JSON,noisy,21,c21_noisy,0.38666666666666666,0.7066666666666667,0.08333333333333333
Qwen3.5-4B-JSON,noisy,57,c57_noisy,0.2733333333333333,0.7033333333333334,0.07
Qwen3.5-4B-JSON,contradictory,3,c3_contradictory,0.3466666666666667,0.6833333333333333,0.09333333333333334
Qwen3.5-4B-JSON,contradictory,7,c7_contradictory,0.34,0.6766666666666666,0.09
Qwen3.5-4B-JSON,contradictory,21,c21_contradictory,0.2866666666666667,0.68,0.07333333333333333
Qwen3.5-4B-JSON,contradictory,57,c57_contradictory,0.3,0.6666666666666666,0.08
