quality,model,n_cases,acc_c3,acc_c57,delta_c3_minus_c57,ci_low,ci_high,p_value,status
stale,Jev-1.13.0,150,0.8333333333333334,0.7,0.13333333333333333,0.03333333333333333,0.23333333333333334,0.0088,tested
stale,DeepSeek-V4.1-Flash,150,0.7466666666666667,0.6933333333333334,0.05333333333333334,-0.04,0.15333333333333332,0.3216,tested
stale,GLM-5.3-Flash,150,0.9933333333333333,0.9533333333333334,0.04,0.006666666666666667,0.08,0.0324,tested
stale,Qwen3.8-Flash,150,0.72,0.7333333333333333,-0.013333333333333334,-0.1,0.07333333333333333,0.839,tested
stale,SemIf-Qwen3.5-4B,150,0.1,0.05333333333333334,0.04666666666666667,0.0,0.1,0.0802,tested
stale,AnyJev-L0,150,0.35333333333333333,0.21333333333333335,0.14,0.04666666666666667,0.23333333333333334,0.0026,tested
stale,Qwen3.5-4B-JSON,150,0.4,0.2733333333333333,0.12666666666666668,0.04666666666666667,0.20666666666666667,0.002,tested
noisy,Jev-1.13.0,150,0.9933333333333333,0.8866666666666667,0.10666666666666667,0.05333333333333334,0.16,0.0,tested
noisy,DeepSeek-V4.1-Flash,150,0.9866666666666667,0.9733333333333334,0.013333333333333334,0.0,0.03333333333333333,0.2644,tested
noisy,GLM-5.3-Flash,150,0.9933333333333333,0.9666666666666667,0.02666666666666667,0.0,0.06,0.1312,tested
noisy,Qwen3.8-Flash,150,1.0,0.9066666666666666,0.09333333333333334,0.05333333333333334,0.14,0.0,tested
noisy,SemIf-Qwen3.5-4B,150,0.23333333333333334,0.14666666666666667,0.08666666666666667,0.013333333333333334,0.16,0.0198,tested
noisy,AnyJev-L0,150,0.54,0.24,0.3,0.20666666666666667,0.3933333333333333,0.0,tested
noisy,Qwen3.5-4B-JSON,150,0.64,0.2733333333333333,0.36666666666666664,0.2733333333333333,0.46,0.0,tested
contradictory,Jev-1.13.0,150,0.7266666666666667,0.6333333333333333,0.09333333333333334,-0.013333333333333334,0.19333333333333333,0.0824,tested
contradictory,DeepSeek-V4.1-Flash,150,0.68,0.6666666666666666,0.013333333333333334,-0.08,0.11333333333333333,0.8388,tested
contradictory,GLM-5.3-Flash,150,0.9266666666666666,0.8533333333333334,0.07333333333333333,0.0,0.14666666666666667,0.0556,tested
contradictory,Qwen3.8-Flash,150,0.6266666666666667,0.62,0.006666666666666667,-0.09333333333333334,0.10666666666666667,0.9378,tested
contradictory,SemIf-Qwen3.5-4B,150,0.14,0.16666666666666666,-0.02666666666666667,-0.09333333333333334,0.04,0.5066,tested
contradictory,AnyJev-L0,150,0.29333333333333333,0.24666666666666667,0.04666666666666667,-0.04,0.13333333333333333,0.3396,tested
contradictory,Qwen3.5-4B-JSON,150,0.3466666666666667,0.3,0.04666666666666667,-0.03333333333333333,0.12666666666666668,0.2892,tested
