model,condition,n,n_feasible,delta_e2_s,deadline_s,phi,phi_ci_low,phi_ci_high
Jev-1.13.0,c3_fresh,300,300,0.005,1.0,1.0,1.0,1.0
Jev-1.13.0,c3_stale,300,300,0.005,1.0,1.0,1.0,1.0
Jev-1.13.0,c3_noisy,300,300,0.005,1.0,1.0,1.0,1.0
Jev-1.13.0,c3_contradictory,300,300,0.005,1.0,1.0,1.0,1.0
Jev-1.13.0,c7_fresh,300,299,0.005,1.0,0.9966666666666667,0.99,1.0
Jev-1.13.0,c7_stale,300,297,0.005,1.0,0.99,0.9766666666666667,1.0
Jev-1.13.0,c7_noisy,300,300,0.005,1.0,1.0,1.0,1.0
Jev-1.13.0,c7_contradictory,300,299,0.005,1.0,0.9966666666666667,0.99,1.0
Jev-1.13.0,c21_fresh,300,300,0.005,1.0,1.0,1.0,1.0
Jev-1.13.0,c21_stale,300,299,0.005,1.0,0.9966666666666667,0.99,1.0
Jev-1.13.0,c21_noisy,300,299,0.005,1.0,0.9966666666666667,0.99,1.0
Jev-1.13.0,c21_contradictory,300,299,0.005,1.0,0.9966666666666667,0.99,1.0
Jev-1.13.0,c57_fresh,300,299,0.005,1.0,0.9966666666666667,0.99,1.0
Jev-1.13.0,c57_stale,300,300,0.005,1.0,1.0,1.0,1.0
Jev-1.13.0,c57_noisy,300,299,0.005,1.0,0.9966666666666667,0.99,1.0
Jev-1.13.0,c57_contradictory,300,300,0.005,1.0,1.0,1.0,1.0
DeepSeek-V4.1-Flash,c3_fresh,300,297,0.005,1.0,0.99,0.9766666666666667,1.0
DeepSeek-V4.1-Flash,c3_stale,300,299,0.005,1.0,0.9966666666666667,0.99,1.0
DeepSeek-V4.1-Flash,c3_noisy,300,294,0.005,1.0,0.98,0.9633333333333334,0.9933333333333333
DeepSeek-V4.1-Flash,c3_contradictory,300,291,0.005,1.0,0.97,0.95,0.9866666666666667
DeepSeek-V4.1-Flash,c7_fresh,300,299,0.005,1.0,0.9966666666666667,0.99,1.0
DeepSeek-V4.1-Flash,c7_stale,300,297,0.005,1.0,0.99,0.9766666666666667,1.0
DeepSeek-V4.1-Flash,c7_noisy,300,288,0.005,1.0,0.96,0.9366666666666666,0.98
DeepSeek-V4.1-Flash,c7_contradictory,300,299,0.005,1.0,0.9966666666666667,0.99,1.0
DeepSeek-V4.1-Flash,c21_fresh,300,296,0.005,1.0,0.9866666666666667,0.9733333333333334,0.9966666666666667
DeepSeek-V4.1-Flash,c21_stale,300,300,0.005,1.0,1.0,1.0,1.0
DeepSeek-V4.1-Flash,c21_noisy,300,294,0.005,1.0,0.98,0.9633333333333334,0.9933333333333333
DeepSeek-V4.1-Flash,c21_contradictory,300,291,0.005,1.0,0.97,0.95,0.9866666666666667
DeepSeek-V4.1-Flash,c57_fresh,300,297,0.005,1.0,0.99,0.9766666666666667,1.0
DeepSeek-V4.1-Flash,c57_stale,300,273,0.005,1.0,0.91,0.8766666666666667,0.94
DeepSeek-V4.1-Flash,c57_noisy,300,278,0.005,1.0,0.9266666666666666,0.8966666666666666,0.9533333333333334
DeepSeek-V4.1-Flash,c57_contradictory,300,287,0.005,1.0,0.9566666666666667,0.9333333333333333,0.9766666666666667
GLM-5.3-Flash,c3_fresh,300,91,0.005,1.0,0.30333333333333334,0.25,0.3566666666666667
GLM-5.3-Flash,c3_stale,300,53,0.005,1.0,0.17666666666666667,0.13333333333333333,0.22
GLM-5.3-Flash,c3_noisy,300,60,0.005,1.0,0.2,0.15666666666666668,0.24666666666666667
GLM-5.3-Flash,c3_contradictory,300,56,0.005,1.0,0.18666666666666668,0.14333333333333334,0.23333333333333334
GLM-5.3-Flash,c7_fresh,300,52,0.005,1.0,0.17333333333333334,0.13,0.21666666666666667
GLM-5.3-Flash,c7_stale,300,70,0.005,1.0,0.23333333333333334,0.18666666666666668,0.2833333333333333
GLM-5.3-Flash,c7_noisy,300,60,0.005,1.0,0.2,0.15666666666666668,0.24666666666666667
GLM-5.3-Flash,c7_contradictory,300,46,0.005,1.0,0.15333333333333332,0.11333333333333333,0.19333333333333333
GLM-5.3-Flash,c21_fresh,300,50,0.005,1.0,0.16666666666666666,0.12666666666666668,0.21
GLM-5.3-Flash,c21_stale,300,49,0.005,1.0,0.16333333333333333,0.12333333333333334,0.20666666666666667
GLM-5.3-Flash,c21_noisy,300,63,0.005,1.0,0.21,0.16333333333333333,0.25666666666666665
GLM-5.3-Flash,c21_contradictory,300,36,0.005,1.0,0.12,0.08333333333333333,0.16
GLM-5.3-Flash,c57_fresh,300,71,0.005,1.0,0.23666666666666666,0.19,0.2866666666666667
GLM-5.3-Flash,c57_stale,300,19,0.005,1.0,0.06333333333333334,0.03666666666666667,0.09
GLM-5.3-Flash,c57_noisy,300,58,0.005,1.0,0.19333333333333333,0.15,0.24
GLM-5.3-Flash,c57_contradictory,300,24,0.005,1.0,0.08,0.05,0.11333333333333333
Qwen3.8-Flash,c3_fresh,300,0,0.005,1.0,0.0,0.0,0.0
Qwen3.8-Flash,c3_stale,300,0,0.005,1.0,0.0,0.0,0.0
Qwen3.8-Flash,c3_noisy,300,0,0.005,1.0,0.0,0.0,0.0
Qwen3.8-Flash,c3_contradictory,300,0,0.005,1.0,0.0,0.0,0.0
Qwen3.8-Flash,c7_fresh,300,0,0.005,1.0,0.0,0.0,0.0
Qwen3.8-Flash,c7_stale,300,0,0.005,1.0,0.0,0.0,0.0
Qwen3.8-Flash,c7_noisy,300,0,0.005,1.0,0.0,0.0,0.0
Qwen3.8-Flash,c7_contradictory,300,0,0.005,1.0,0.0,0.0,0.0
Qwen3.8-Flash,c21_fresh,300,0,0.005,1.0,0.0,0.0,0.0
Qwen3.8-Flash,c21_stale,300,0,0.005,1.0,0.0,0.0,0.0
Qwen3.8-Flash,c21_noisy,300,0,0.005,1.0,0.0,0.0,0.0
Qwen3.8-Flash,c21_contradictory,300,0,0.005,1.0,0.0,0.0,0.0
Qwen3.8-Flash,c57_fresh,300,0,0.005,1.0,0.0,0.0,0.0
Qwen3.8-Flash,c57_stale,300,0,0.005,1.0,0.0,0.0,0.0
Qwen3.8-Flash,c57_noisy,300,0,0.005,1.0,0.0,0.0,0.0
Qwen3.8-Flash,c57_contradictory,300,0,0.005,1.0,0.0,0.0,0.0
SemIf-Qwen3.5-4B,c3_fresh,300,298,0.005,1.0,0.9933333333333333,0.9833333333333333,1.0
SemIf-Qwen3.5-4B,c3_stale,300,299,0.005,1.0,0.9966666666666667,0.99,1.0
SemIf-Qwen3.5-4B,c3_noisy,300,299,0.005,1.0,0.9966666666666667,0.99,1.0
SemIf-Qwen3.5-4B,c3_contradictory,300,300,0.005,1.0,1.0,1.0,1.0
SemIf-Qwen3.5-4B,c7_fresh,300,300,0.005,1.0,1.0,1.0,1.0
SemIf-Qwen3.5-4B,c7_stale,300,300,0.005,1.0,1.0,1.0,1.0
SemIf-Qwen3.5-4B,c7_noisy,300,300,0.005,1.0,1.0,1.0,1.0
SemIf-Qwen3.5-4B,c7_contradictory,300,300,0.005,1.0,1.0,1.0,1.0
SemIf-Qwen3.5-4B,c21_fresh,300,300,0.005,1.0,1.0,1.0,1.0
SemIf-Qwen3.5-4B,c21_stale,300,300,0.005,1.0,1.0,1.0,1.0
SemIf-Qwen3.5-4B,c21_noisy,300,300,0.005,1.0,1.0,1.0,1.0
SemIf-Qwen3.5-4B,c21_contradictory,300,300,0.005,1.0,1.0,1.0,1.0
SemIf-Qwen3.5-4B,c57_fresh,300,300,0.005,1.0,1.0,1.0,1.0
SemIf-Qwen3.5-4B,c57_stale,300,299,0.005,1.0,0.9966666666666667,0.99,1.0
SemIf-Qwen3.5-4B,c57_noisy,300,300,0.005,1.0,1.0,1.0,1.0
SemIf-Qwen3.5-4B,c57_contradictory,300,300,0.005,1.0,1.0,1.0,1.0
AnyJev-L0,c3_fresh,300,300,0.005,1.0,1.0,1.0,1.0
AnyJev-L0,c3_stale,300,300,0.005,1.0,1.0,1.0,1.0
AnyJev-L0,c3_noisy,300,300,0.005,1.0,1.0,1.0,1.0
AnyJev-L0,c3_contradictory,300,300,0.005,1.0,1.0,1.0,1.0
AnyJev-L0,c7_fresh,300,300,0.005,1.0,1.0,1.0,1.0
AnyJev-L0,c7_stale,300,300,0.005,1.0,1.0,1.0,1.0
AnyJev-L0,c7_noisy,300,300,0.005,1.0,1.0,1.0,1.0
AnyJev-L0,c7_contradictory,300,299,0.005,1.0,0.9966666666666667,0.99,1.0
AnyJev-L0,c21_fresh,300,300,0.005,1.0,1.0,1.0,1.0
AnyJev-L0,c21_stale,300,300,0.005,1.0,1.0,1.0,1.0
AnyJev-L0,c21_noisy,300,300,0.005,1.0,1.0,1.0,1.0
AnyJev-L0,c21_contradictory,300,299,0.005,1.0,0.9966666666666667,0.99,1.0
AnyJev-L0,c57_fresh,300,300,0.005,1.0,1.0,1.0,1.0
AnyJev-L0,c57_stale,300,178,0.005,1.0,0.5933333333333334,0.5366666666666666,0.6466666666666666
AnyJev-L0,c57_noisy,300,300,0.005,1.0,1.0,1.0,1.0
AnyJev-L0,c57_contradictory,300,299,0.005,1.0,0.9966666666666667,0.99,1.0
Qwen3.5-4B-JSON,c3_fresh,300,300,0.005,1.0,1.0,1.0,1.0
Qwen3.5-4B-JSON,c3_stale,300,300,0.005,1.0,1.0,1.0,1.0
Qwen3.5-4B-JSON,c3_noisy,300,300,0.005,1.0,1.0,1.0,1.0
Qwen3.5-4B-JSON,c3_contradictory,300,300,0.005,1.0,1.0,1.0,1.0
Qwen3.5-4B-JSON,c7_fresh,300,300,0.005,1.0,1.0,1.0,1.0
Qwen3.5-4B-JSON,c7_stale,300,300,0.005,1.0,1.0,1.0,1.0
Qwen3.5-4B-JSON,c7_noisy,300,300,0.005,1.0,1.0,1.0,1.0
Qwen3.5-4B-JSON,c7_contradictory,300,300,0.005,1.0,1.0,1.0,1.0
Qwen3.5-4B-JSON,c21_fresh,300,300,0.005,1.0,1.0,1.0,1.0
Qwen3.5-4B-JSON,c21_stale,300,300,0.005,1.0,1.0,1.0,1.0
Qwen3.5-4B-JSON,c21_noisy,300,300,0.005,1.0,1.0,1.0,1.0
Qwen3.5-4B-JSON,c21_contradictory,300,300,0.005,1.0,1.0,1.0,1.0
Qwen3.5-4B-JSON,c57_fresh,300,300,0.005,1.0,1.0,1.0,1.0
Qwen3.5-4B-JSON,c57_stale,300,300,0.005,1.0,1.0,1.0,1.0
Qwen3.5-4B-JSON,c57_noisy,300,300,0.005,1.0,1.0,1.0,1.0
Qwen3.5-4B-JSON,c57_contradictory,300,300,0.005,1.0,1.0,1.0,1.0
