model,condition,primary_block,n_attempts,n_valid,schema_valid_rate,unsafe_policy_rate,actuated_vector_match,full_policy_match,target_cluster_state_dep_acc,action_acc,class_acc,scope_acc,target_cluster_acc,priority_acc,prb_share_acc,edge_site_acc,latency_target_acc,duration_acc,n_latency,latency_p50,latency_p95,latency_p99,net_latency_status,rtt_probe_median,latency_net_p50,latency_net_p95,latency_net_p99,mean_input_tokens,mean_output_tokens,n_cost_rows,n_correct_cost_rows,cost_per_1000_correct_usd,energy_j_per_decision
Jev-1.13.0,c3_fresh,c1_hosted,300,300,1.0,0.0,0.9933333333333333,0.9933333333333333,1.0,0.9933333333333333,1.0,1.0,1.0,1.0,1.0,1.0,1.0,1.0,300,0.26423204131424427,0.35421099462546407,0.42782543887384106,ok,0.26234475011006,0.0018872912041842937,0.09186624451540412,0.16548068876378108,3213.806666666667,629.1433333333333,300,298,0.13588578523489933,
Jev-1.13.0,c3_stale,c1_hosted,300,300,1.0,0.0,0.9933333333333333,0.91,0.8333333333333334,0.9933333333333333,1.0,1.0,0.9166666666666666,1.0,1.0,1.0,1.0,1.0,300,0.2647842913866043,0.3465621056500822,0.4096120633184909,ok,0.25142599968239665,0.013358291704207659,0.09513610596768558,0.15818606363609425,3437.5433333333335,629.1433333333333,300,298,0.14534579194630873,
Jev-1.13.0,c3_noisy,c1_hosted,300,300,1.0,0.0,0.9933333333333333,0.99,0.9933333333333333,0.9933333333333333,1.0,1.0,0.9966666666666667,1.0,1.0,1.0,1.0,1.0,300,0.2660079994238913,0.34376492178998896,0.40243518537841727,ok,0.25742468796670437,0.008583311457186937,0.08634023382328458,0.1450104974117129,3256.786666666667,629.1433333333333,300,298,0.13770306040268457,
Jev-1.13.0,c3_contradictory,c1_hosted,300,300,1.0,0.0,0.9933333333333333,0.8566666666666667,0.7266666666666667,0.9933333333333333,1.0,1.0,0.8633333333333333,1.0,1.0,1.0,1.0,1.0,300,0.26355120865628123,0.350736022554338,0.39822700388729554,ok,0.2442784165032208,0.019272792153060436,0.10645760605111723,0.15394858738407474,3330.53,629.14,300,298,0.14082106711409395,
Jev-1.13.0,c7_fresh,c1_hosted,300,300,1.0,0.0,0.9933333333333333,0.9766666666666667,0.9666666666666667,0.9933333333333333,1.0,1.0,0.9833333333333333,1.0,1.0,1.0,1.0,1.0,300,0.26347974967211485,0.35852026459760966,0.43214347306638956,ok,0.26138797821477056,0.0020917714573442936,0.09713228638283909,0.170755494851619,3337.68,629.14,300,298,0.14112338255033557,
Jev-1.13.0,c7_stale,c1_hosted,300,298,0.9933333333333333,0.0,0.9866666666666667,0.8866666666666667,0.7933333333333333,0.9866666666666667,0.9933333333333333,0.9933333333333333,0.8933333333333333,0.9933333333333333,0.9933333333333333,0.9933333333333333,0.9933333333333333,0.9933333333333333,300,0.26305268751457334,0.3672032517846674,0.998700341237703,ok,0.2492619170807302,0.013790770433843136,0.11794133470393718,0.7494384241569728,3853.3758389261743,629.1375838926175,298,296,0.16293531081081084,
Jev-1.13.0,c7_noisy,c1_hosted,300,300,1.0,0.0,0.9933333333333333,0.9833333333333333,0.98,0.9933333333333333,1.0,1.0,0.99,1.0,1.0,1.0,1.0,1.0,300,0.2675784374587238,0.35585998310707523,0.4456505878269672,ok,0.24089493742212653,0.026683500036597252,0.11496504568494871,0.2047556504048407,3380.7,629.14,300,298,0.14294234899328861,
Jev-1.13.0,c7_contradictory,c1_hosted,300,300,1.0,0.0,0.9933333333333333,0.8666666666666667,0.7466666666666667,0.9933333333333333,1.0,1.0,0.8733333333333333,1.0,1.0,1.0,1.0,1.0,300,0.26651983382180333,0.3594676904845983,0.45251862538047133,ok,0.2530928957276046,0.013426938094198704,0.10637479475699367,0.1994257296528667,3606.3766666666666,629.14,300,298,0.15248438255033558,
Jev-1.13.0,c21_fresh,c1_hosted,300,300,1.0,0.0,0.9933333333333333,0.9433333333333334,0.9,0.9933333333333333,1.0,1.0,0.95,1.0,1.0,1.0,1.0,1.0,300,0.274433895945549,0.3516183978877962,0.40521309739910066,ok,0.2710445001721382,0.003389395773410797,0.08057389771565801,0.13416859722696242,3772.25,629.14,300,298,0.1594978187919463,
Jev-1.13.0,c21_stale,c1_hosted,300,300,1.0,0.0,0.9933333333333333,0.8333333333333334,0.68,0.9933333333333333,1.0,1.0,0.84,1.0,1.0,1.0,1.0,1.0,300,0.27727174991741776,0.4160756547935308,0.572349220961332,ok,0.2464356874115765,0.030836062505841255,0.1696399673819543,0.3259135335497555,5309.576666666667,629.14,300,298,0.22449887919463088,
Jev-1.13.0,c21_noisy,c1_hosted,300,299,0.9966666666666667,0.0,0.99,0.9566666666666667,0.9266666666666666,0.99,0.9966666666666667,0.9966666666666667,0.9633333333333334,0.9966666666666667,0.9966666666666667,0.9966666666666667,0.9966666666666667,0.9966666666666667,300,0.27148072933778167,0.3621439479757101,0.46078013675287355,ok,0.26909112511202693,0.002389604225754738,0.09305282286368316,0.19168901164084662,3815.1638795986623,629.1304347826087,299,297,0.1613159191919192,
Jev-1.13.0,c21_contradictory,c1_hosted,300,300,1.0,0.0,0.9933333333333333,0.85,0.7133333333333334,0.9933333333333333,1.0,1.0,0.8566666666666667,1.0,1.0,1.0,1.0,1.0,300,0.2791327917948365,0.3689655845053495,0.706885939761996,ok,0.26155125023797154,0.017581541556864977,0.10741433426737793,0.44533468952402444,4572.623333333333,629.14,300,298,0.19333910738255033,
Jev-1.13.0,c57_fresh,c1_hosted,300,300,1.0,0.0,0.9933333333333333,0.9466666666666667,0.9066666666666666,0.9933333333333333,1.0,1.0,0.9533333333333334,1.0,1.0,1.0,1.0,1.0,300,0.2754282089881599,0.37609245791099966,0.4294001984037459,ok,0.2704357081092894,0.004992500878870487,0.10565674980171028,0.15896449029445647,4887.02,629.14,300,298,0.20663238926174496,
Jev-1.13.0,c57_stale,c1_hosted,300,300,1.0,0.0,0.99,0.8433333333333334,0.7,0.9933333333333333,1.0,0.9966666666666667,0.85,1.0,1.0,1.0,1.0,1.0,300,0.2962360824458301,0.42202472938224683,0.5011573999468236,ok,0.25449252128601074,0.041743561159819365,0.1675322080962361,0.24666487866081288,9050.57,629.13,300,297,0.3839635757575758,
Jev-1.13.0,c57_noisy,c1_hosted,300,300,1.0,0.0,0.9933333333333333,0.9366666666666666,0.8866666666666667,0.9933333333333333,1.0,1.0,0.9433333333333334,1.0,1.0,1.0,1.0,1.0,300,0.2749860417097807,0.36159539674408736,0.4177264196425661,ok,0.2664264375343919,0.008559604175388813,0.0951689592096955,0.15129998210817422,4929.803333333333,629.14,300,298,0.2084413489932886,
Jev-1.13.0,c57_contradictory,c1_hosted,300,300,1.0,0.0,0.99,0.81,0.6333333333333333,0.9933333333333333,1.0,0.9966666666666667,0.8166666666666667,1.0,1.0,1.0,1.0,1.0,300,0.28556997887790203,0.39845694596879183,0.5313296152465034,ok,0.25405968772247434,0.031510291155427694,0.14439725824631752,0.277269927524029,7053.933333333333,629.1366666666667,300,297,0.2992577777777778,
DeepSeek-V4.1-Flash,c3_fresh,c1_hosted,300,300,1.0,0.0,0.9766666666666667,0.97,0.98,0.9933333333333333,1.0,0.99,0.99,0.9933333333333333,1.0,1.0,1.0,0.9933333333333333,300,0.43005895894020796,0.5607717609964312,0.8185503891855438,ok,0.2942523956298828,0.13580656331032515,0.26651936536654847,0.524297993555661,1553.33,89.14333333333333,300,293,0.1860651604095563,
DeepSeek-V4.1-Flash,c3_stale,c1_hosted,300,300,1.0,0.0,0.9733333333333334,0.8433333333333334,0.7466666666666667,0.99,1.0,0.99,0.8733333333333333,0.9933333333333333,1.0,1.0,1.0,0.9866666666666667,300,0.4587669367901981,0.5943776045925916,0.812998717650771,ok,0.3018547506071627,0.15691218618303537,0.2925228539854288,0.5111439670436083,1711.5733333333333,89.20333333333333,300,292,0.21222328767123289,
DeepSeek-V4.1-Flash,c3_noisy,c1_hosted,300,300,1.0,0.0,0.9833333333333333,0.9733333333333334,0.9866666666666667,0.9933333333333333,1.0,0.9933333333333333,0.9933333333333333,0.9966666666666667,1.0,1.0,1.0,0.99,300,0.46449706237763166,0.6173955818172545,1.181545557724311,ok,0.30533764511346817,0.1591594172641635,0.31205793670378634,0.876207912610843,1600.33,89.16666666666667,300,295,0.17608169491525424,
DeepSeek-V4.1-Flash,c3_contradictory,c1_hosted,300,300,1.0,0.0,0.9766666666666667,0.8166666666666667,0.68,0.9933333333333333,1.0,0.99,0.84,0.9933333333333333,1.0,1.0,1.0,0.99,300,0.4653766877017915,0.5991590198595078,2.8203123684506863,ok,0.29912933334708214,0.1662473543547094,0.3000296865124256,2.521183035103604,1650.5733333333333,89.22333333333333,300,293,0.1927863481228669,
DeepSeek-V4.1-Flash,c7_fresh,c1_hosted,300,300,1.0,0.0,0.98,0.9666666666666667,0.9866666666666667,0.9933333333333333,1.0,0.9933333333333333,0.9933333333333333,0.9933333333333333,1.0,1.0,1.0,0.9866666666666667,300,0.4495503334328532,0.5352758121676743,0.6726881982199847,ok,0.30312654189765453,0.1464237915351987,0.23214927027001978,0.3695616563223301,1648.3333333333333,89.17,300,294,0.1913795918367347,
DeepSeek-V4.1-Flash,c7_stale,c1_hosted,300,300,1.0,0.0,0.9766666666666667,0.8866666666666667,0.8333333333333334,0.99,1.0,0.9933333333333333,0.9166666666666666,0.9933333333333333,1.0,1.0,1.0,0.9866666666666667,300,0.4595282501541078,0.5845047128386796,0.815378852067495,ok,0.30382362520322204,0.15570462495088577,0.28068108763545757,0.511555226864273,2013.58,89.11,300,293,0.3041508532423209,
DeepSeek-V4.1-Flash,c7_noisy,c1_hosted,300,300,1.0,0.0,0.9766666666666667,0.9666666666666667,0.9866666666666667,0.99,1.0,0.9933333333333333,0.9933333333333333,0.9933333333333333,1.0,1.0,1.0,0.99,300,0.46358422888442874,0.8376942482776942,1.9539636401552682,ok,0.30447477055713534,0.1591094583272934,0.5332194777205589,1.649488869598133,1695.3333333333333,89.16333333333333,300,293,0.20646143344709897,
DeepSeek-V4.1-Flash,c7_contradictory,c1_hosted,300,300,1.0,0.0,0.9766666666666667,0.84,0.7266666666666667,0.9933333333333333,1.0,0.99,0.8633333333333333,0.9933333333333333,1.0,1.0,1.0,0.99,300,0.44893445866182446,0.5674002294894309,0.780868593500927,ok,0.30537139624357224,0.14356306241825223,0.2620288332458587,0.47549719725735473,1872.58,89.15666666666667,300,293,0.2608976109215017,
DeepSeek-V4.1-Flash,c21_fresh,c1_hosted,300,300,1.0,0.0,0.9766666666666667,0.9633333333333334,0.9666666666666667,0.9933333333333333,1.0,0.99,0.9833333333333333,0.9933333333333333,1.0,1.0,1.0,0.9933333333333333,300,0.5007046246901155,0.6861264038365337,1.2262872643209948,ok,0.31140770809724927,0.18929691659286618,0.37471869573928446,0.9148795562237454,1980.8333333333333,89.15,300,293,0.29414129692832763,
DeepSeek-V4.1-Flash,c21_stale,c1_hosted,300,300,1.0,0.0,0.9766666666666667,0.86,0.76,0.99,1.0,0.9933333333333333,0.88,0.9933333333333333,1.0,1.0,1.0,0.99,300,0.5003667287528515,0.6312134522944693,0.795915291253477,ok,0.3081979579292238,0.1921687708236277,0.3230154943652456,0.4877173333242533,3070.58,89.12333333333333,300,293,0.6288430034129693,
DeepSeek-V4.1-Flash,c21_noisy,c1_hosted,300,300,1.0,0.0,0.9733333333333334,0.9633333333333334,0.98,0.99,1.0,0.9933333333333333,0.99,0.99,1.0,1.0,1.0,0.9933333333333333,300,0.49500174913555384,0.6767237310297788,1.2130069268028671,ok,0.30621035397052765,0.1887913951650262,0.37051337705925114,0.9067965728323395,2027.8333333333333,89.16,300,292,0.3096472602739726,
DeepSeek-V4.1-Flash,c21_contradictory,c1_hosted,300,300,1.0,0.0,0.98,0.84,0.7266666666666667,0.9933333333333333,1.0,0.9933333333333333,0.8633333333333333,0.9933333333333333,1.0,1.0,1.0,0.99,300,0.5078732706606388,0.7766149490140379,3.535642501488321,ok,0.30142504163086414,0.20644822902977467,0.47518990738317385,3.2342174598574567,2649.58,89.16,300,294,0.4978714285714286,
DeepSeek-V4.1-Flash,c57_fresh,c1_hosted,300,300,1.0,0.0,0.9733333333333334,0.95,0.96,0.99,1.0,0.99,0.98,0.9933333333333333,1.0,1.0,1.0,0.9866666666666667,300,0.5204088962636888,0.812172554852441,0.9837035714089832,ok,0.31876729195937514,0.20164160430431366,0.4934052628930658,0.6649362794496081,2835.82,89.16333333333333,300,292,0.5586883561643836,
DeepSeek-V4.1-Flash,c57_stale,c1_hosted,300,300,1.0,0.0,0.9733333333333334,0.83,0.6933333333333334,0.99,1.0,0.99,0.8466666666666667,0.9933333333333333,1.0,1.0,1.0,0.9933333333333333,300,0.6074039163067937,2.0931109690573084,8.27436720411293,ok,0.33496706280857325,0.27243685349822044,1.7581439062487352,7.939400141304358,5788.553333333333,89.11333333333333,300,292,1.4687157534246575,
DeepSeek-V4.1-Flash,c57_noisy,c1_hosted,300,300,1.0,0.0,0.9766666666666667,0.9633333333333334,0.9733333333333334,0.99,1.0,0.9933333333333333,0.9866666666666667,0.9933333333333333,1.0,1.0,1.0,0.9933333333333333,300,0.5723706246353686,1.1588093906641035,4.128887258879796,ok,0.3230925411917269,0.24927808344364166,0.8357168494723766,3.8057947176880687,2882.82,89.16,300,293,0.5712143344709898,
DeepSeek-V4.1-Flash,c57_contradictory,c1_hosted,300,300,1.0,0.0,0.9766666666666667,0.8166666666666667,0.6666666666666666,0.9933333333333333,1.0,0.99,0.8333333333333334,0.9933333333333333,1.0,1.0,1.0,0.99,300,0.6682251878082752,0.9509766144677998,1.1534945446625313,ok,0.3285546670667827,0.3396705207414925,0.6224219474010171,0.8249398775957486,4647.553333333333,89.11333333333333,300,293,1.1132252559726963,
GLM-5.3-Flash,c3_fresh,c1_hosted,300,300,1.0,0.0,0.99,0.94,0.9933333333333333,0.9933333333333333,1.0,0.9933333333333333,0.9966666666666667,0.9933333333333333,1.0,1.0,1.0,0.9466666666666667,300,1.1290077082812786,2.5196659397333887,5.58415662551298,ok,0.4335359586402774,0.6954717496410012,2.0861299810931113,5.150620666872703,1488.7366666666667,89.67,300,297,0.2702851515151515,
GLM-5.3-Flash,c3_stale,c1_hosted,300,300,1.0,0.0,0.99,0.96,0.9933333333333333,0.9933333333333333,1.0,0.9966666666666667,0.9966666666666667,1.0,1.0,1.0,1.0,0.97,300,1.2909208750352263,4.198770245024935,5.369402796383938,ok,0.4303628960624337,0.8605579789727926,3.768407348962501,4.939039900321505,1649.2266666666667,98.24666666666667,300,297,0.2995023569023569,
GLM-5.3-Flash,c3_noisy,c1_hosted,300,300,1.0,0.0,0.99,0.96,0.9933333333333333,0.9933333333333333,1.0,0.9966666666666667,0.9933333333333333,1.0,1.0,0.9966666666666667,1.0,0.9766666666666667,300,1.2526745209470391,2.687096621189267,4.521036041537299,ok,0.4535729167982936,0.7991016041487455,2.2335237043909735,4.067463124739006,1528.6666666666667,93.27333333333333,300,297,0.2787239057239057,
GLM-5.3-Flash,c3_contradictory,c1_hosted,300,300,1.0,0.0,0.99,0.9133333333333333,0.9266666666666666,0.9933333333333333,1.0,0.9966666666666667,0.96,1.0,1.0,1.0,1.0,0.96,300,1.3149807089939713,2.4766750338021666,5.05303170996718,ok,0.4738504164852202,0.8411302925087512,2.0028246173169464,4.57918129348196,1584.3333333333333,103.75333333333333,300,297,0.29245117845117846,
GLM-5.3-Flash,c7_fresh,c1_hosted,300,300,1.0,0.0,0.9933333333333333,0.95,0.9933333333333333,0.9966666666666667,1.0,0.9933333333333333,0.9933333333333333,0.9966666666666667,1.0,1.0,1.0,0.9566666666666667,300,1.2249915413558483,3.6860971050802656,6.493753857566041,ok,0.4820163329131901,0.7429752084426582,3.2040807721670754,6.011737524652851,1585.43,91.90333333333334,300,298,0.2856706375838926,
GLM-5.3-Flash,c7_stale,c1_hosted,300,300,1.0,0.0,0.9933333333333333,0.9333333333333333,0.9666666666666667,0.9933333333333333,1.0,1.0,0.98,1.0,1.0,1.0,1.0,0.96,300,1.2148151458241045,2.157950442330913,3.3682409339584383,ok,0.4499788749963045,0.7648362708278,1.707971567334608,2.9182620589621338,1954.68,97.99666666666667,300,298,0.3444969798657718,
GLM-5.3-Flash,c7_noisy,c1_hosted,300,300,1.0,0.0,0.9866666666666667,0.9566666666666667,0.9933333333333333,0.9866666666666667,1.0,0.9966666666666667,0.9966666666666667,0.9966666666666667,1.0,1.0,1.0,0.9733333333333334,300,1.1667732507921755,2.439727921411395,5.003393988907335,ok,0.42201029183343053,0.744762958958745,2.0177176295779646,4.581383697073904,1625.3033333333333,96.89333333333333,300,296,0.29619138513513515,
GLM-5.3-Flash,c7_contradictory,c1_hosted,300,300,1.0,0.0,0.9933333333333333,0.9233333333333333,0.96,0.9966666666666667,1.0,0.9933333333333333,0.9766666666666667,0.9966666666666667,1.0,1.0,1.0,0.9466666666666667,300,1.3589166663587093,2.9083474788349184,4.913075554817907,ok,0.4568057912401855,0.9021108751185238,2.451541687594733,4.456269763577722,1805.7466666666667,112.90666666666667,300,298,0.3295120805369127,
GLM-5.3-Flash,c21_fresh,c1_hosted,300,300,1.0,0.0,0.99,0.9266666666666666,0.98,0.99,1.0,0.9966666666666667,0.9866666666666667,0.9933333333333333,1.0,1.0,1.0,0.9466666666666667,300,1.2656527711078525,3.224456764664501,4.699891786221413,ok,0.504523812327534,0.7611289587803185,2.719932952336967,4.195367973893879,1924.2733333333333,89.35,300,297,0.33668282828282825,
GLM-5.3-Flash,c21_stale,c1_hosted,300,300,1.0,0.0,0.99,0.9633333333333334,0.9866666666666667,0.9933333333333333,1.0,1.0,0.9933333333333333,0.9966666666666667,1.0,1.0,1.0,0.98,300,1.2611953751184046,3.015777093870566,4.5651164084393505,ok,0.45951227098703384,0.8016831041313708,2.556264822883532,4.105604137452317,3024.32,113.64,300,297,0.5156242424242424,
GLM-5.3-Flash,c21_noisy,c1_hosted,300,300,1.0,0.0,0.99,0.9533333333333334,1.0,0.9933333333333333,1.0,0.9966666666666667,0.9966666666666667,0.99,1.0,1.0,1.0,0.9633333333333334,300,1.2026591668836772,2.816656122682617,4.528591986522077,ok,0.4847078542225063,0.717951312661171,2.3319482684601107,4.043884132299571,1964.1066666666666,90.82333333333334,300,297,0.3434622895622896,
GLM-5.3-Flash,c21_contradictory,c1_hosted,300,300,1.0,0.0,0.9933333333333333,0.9533333333333334,0.98,0.9933333333333333,1.0,1.0,0.9866666666666667,0.9933333333333333,1.0,1.0,1.0,0.9733333333333334,300,1.3794532497413456,3.43667983263731,5.963421214092523,ok,0.44363460410386324,0.9358186456374824,2.993045228533447,5.519786609988659,2581.31,109.7,300,298,0.44501325503355704,
GLM-5.3-Flash,c57_fresh,c1_hosted,300,300,1.0,0.0,0.9933333333333333,0.94,0.9666666666666667,0.9933333333333333,1.0,1.0,0.9833333333333333,0.9966666666666667,1.0,1.0,1.0,0.9633333333333334,300,1.1279765833169222,2.11140881003812,4.194630000777539,ok,0.4478552918881178,0.6801212914288044,1.6635535181500023,3.7467747088894208,2795.2166666666667,89.15,300,298,0.4669706375838927,
GLM-5.3-Flash,c57_stale,c1_hosted,300,300,1.0,0.0,0.9933333333333333,0.9466666666666667,0.9533333333333334,0.9933333333333333,1.0,1.0,0.9766666666666667,0.9933333333333333,1.0,1.0,1.0,0.9733333333333334,300,1.4599524792283773,3.9268239097669753,5.757271927325048,ok,0.5292129372246563,0.930739542003721,3.397610972542319,5.228058990100392,5774.246666666667,102.82,300,298,0.923705033557047,
GLM-5.3-Flash,c57_noisy,c1_hosted,300,294,0.98,0.0,0.97,0.94,0.9666666666666667,0.9733333333333334,0.98,0.9766666666666667,0.9733333333333334,0.9733333333333334,0.98,0.98,0.98,0.9533333333333334,300,1.2218887289054692,3.002768596028913,5.164196753371505,ok,0.4769668746739626,0.7449218542315066,2.5258017213549504,4.687229878697543,2835.122448979592,92.1938775510204,294,291,0.47622474226804123,
GLM-5.3-Flash,c57_contradictory,c1_hosted,300,276,0.92,0.0,0.9133333333333333,0.8133333333333334,0.8533333333333334,0.9133333333333333,0.92,0.92,0.8766666666666667,0.92,0.92,0.92,0.92,0.8633333333333333,300,1.643811103887856,2.9510189597960563,6.019284113496538,ok,0.9589339992962778,0.6848771045915782,1.9920849604997783,5.0603501142002605,4574.75,104.25,276,274,0.7437268248175182,
Qwen3.8-Flash,c3_fresh,per-case (D-3),300,300,1.0,0.0,0.9866666666666667,0.9633333333333334,0.9933333333333333,0.9933333333333333,1.0,0.9966666666666667,0.9966666666666667,0.9966666666666667,1.0,1.0,1.0,0.9766666666666667,300,1.933989061973989,6.613041933020579,7.183666377682237,ok,0.772667333483696,1.0585284368135035,3.7972837829496715,5.3490411704964895,1561.9633333333334,91.86,300,296,0.10795989864864865,
Qwen3.8-Flash,c3_stale,per-case (D-3),300,300,1.0,0.0,0.9866666666666667,0.7966666666666666,0.72,0.9933333333333333,1.0,0.9966666666666667,0.86,0.9966666666666667,1.0,1.0,1.0,0.9466666666666667,300,2.0510818329639733,5.041605219291526,6.873708530096336,ok,0.8242167080752552,1.2174317087046802,4.217388511216271,6.049491822021081,1783.2266666666667,91.62333333333333,300,296,0.1409057094594595,
Qwen3.8-Flash,c3_noisy,per-case (D-3),300,300,1.0,0.0,0.9933333333333333,0.9633333333333334,1.0,0.9933333333333333,1.0,1.0,1.0,1.0,1.0,1.0,1.0,0.97,300,2.095553813036531,6.745625758217648,7.8904409069195385,no_probe,nan,nan,nan,nan,1603.9433333333334,91.81,300,298,0.11297536912751678,
Qwen3.8-Flash,c3_contradictory,per-case (D-3),300,300,1.0,0.0,0.9866666666666667,0.77,0.6266666666666667,0.9933333333333333,1.0,0.9966666666666667,0.8133333333333334,0.9966666666666667,1.0,0.9966666666666667,1.0,0.9666666666666667,300,2.0835730410180986,6.066606614831835,7.341117354016751,no_probe,nan,nan,nan,nan,1676.2133333333334,91.86666666666666,300,296,0.12475270270270272,
Qwen3.8-Flash,c7_fresh,per-case (D-3),300,300,1.0,0.0,0.99,0.9533333333333334,0.9733333333333334,0.9933333333333333,1.0,0.9966666666666667,0.9866666666666667,1.0,1.0,1.0,1.0,0.97,300,2.046350207645446,5.715853438619526,7.142934964606538,ok,0.8401369992643595,1.2155114798806608,4.875716439355166,6.302797965342179,1683.7866666666666,91.90333333333334,300,297,0.12549754208754207,
Qwen3.8-Flash,c7_stale,per-case (D-3),300,300,1.0,0.0,0.99,0.8266666666666667,0.7466666666666667,0.9933333333333333,1.0,0.9966666666666667,0.8733333333333333,1.0,1.0,0.9966666666666667,1.0,0.9633333333333334,300,2.3467317912727594,6.733351300191135,7.4070505432691425,ok,1.1256971876136959,1.3711390730459243,5.607654112577439,6.3233055845554915,2195.0133333333333,91.80666666666667,300,297,0.2029102356902357,
Qwen3.8-Flash,c7_noisy,per-case (D-3),300,300,1.0,0.0,0.99,0.9433333333333334,0.9866666666666667,0.99,1.0,1.0,0.9933333333333333,1.0,1.0,1.0,1.0,0.96,300,2.0253698751330376,6.604204148380088,7.084755599088966,ok,0.8780397498048842,1.1398286041803658,5.726164398575204,6.206715849284082,1725.8066666666666,91.85,300,297,0.13183888888888887,
Qwen3.8-Flash,c7_contradictory,per-case (D-3),300,300,1.0,0.0,0.9866666666666667,0.8233333333333334,0.74,0.9933333333333333,1.0,0.9966666666666667,0.87,0.9966666666666667,1.0,1.0,1.0,0.9633333333333334,300,2.4462844994850457,6.6443832371849565,7.433746595066038,ok,0.8372883331030607,1.5652182293124497,5.807094904081896,6.596458261962978,1947.96,91.80666666666667,300,296,0.16603695945945945,
Qwen3.8-Flash,c21_fresh,per-case (D-3),300,300,1.0,0.0,0.99,0.9366666666666666,0.9266666666666666,0.9933333333333333,1.0,0.9966666666666667,0.9633333333333334,1.0,1.0,1.0,1.0,0.98,300,2.3536750627681613,6.249295366788283,7.335555567611007,no_probe,nan,nan,nan,nan,2111.3633333333332,91.89333333333333,300,297,0.19212516498316498,
Qwen3.8-Flash,c21_stale,per-case (D-3),300,300,1.0,0.0,0.9866666666666667,0.8,0.6866666666666666,0.9933333333333333,1.0,0.9966666666666667,0.8433333333333334,0.9966666666666667,1.0,1.0,1.0,0.9666666666666667,300,2.216122666373849,6.399080047523603,7.442063551312312,no_probe,nan,nan,nan,nan,3637.173333333333,91.93666666666667,300,296,0.42290496621621626,
Qwen3.8-Flash,c21_noisy,per-case (D-3),300,300,1.0,0.0,0.9866666666666667,0.94,0.94,0.9933333333333333,1.0,0.9966666666666667,0.97,0.9966666666666667,1.0,1.0,1.0,0.9766666666666667,300,2.1844678753986955,6.235215372545645,7.497176656359807,no_probe,nan,nan,nan,nan,2153.3366666666666,91.89333333333333,300,296,0.1973010472972973,
Qwen3.8-Flash,c21_contradictory,per-case (D-3),300,300,1.0,0.0,0.9866666666666667,0.8266666666666667,0.7466666666666667,0.9933333333333333,1.0,0.9966666666666667,0.8733333333333333,0.9966666666666667,1.0,1.0,1.0,0.9633333333333334,300,2.2132953125983477,3.201660246215761,5.26037062690593,ok,0.8218722702004015,1.3914230423979461,2.3797879760153595,4.438498356705528,2900.22,91.87333333333333,300,296,0.310837972972973,
Qwen3.8-Flash,c57_fresh,per-case (D-3),300,300,1.0,0.0,0.9833333333333333,0.9066666666666666,0.88,0.9933333333333333,1.0,0.9966666666666667,0.94,0.9933333333333333,1.0,1.0,1.0,0.9733333333333334,300,2.2199548752978444,2.944768709409982,4.123973589474335,ok,0.8606941048055887,1.3592607704922557,2.0840746046043934,3.2632794846687463,3208.1366666666668,91.82666666666667,300,295,0.3588396949152542,
Qwen3.8-Flash,c57_stale,per-case (D-3),300,300,1.0,0.0,0.99,0.85,0.7333333333333333,0.9933333333333333,1.0,0.9966666666666667,0.8666666666666667,1.0,1.0,1.0,1.0,0.9866666666666667,300,2.4696595827117562,6.50560193117708,7.533804115206001,ok,0.8588573336601257,1.622946166433394,5.646744597516954,6.674946781545875,7342.173333333333,91.92,300,297,0.9828367676767676,
Qwen3.8-Flash,c57_noisy,per-case (D-3),300,300,1.0,0.0,0.9866666666666667,0.9133333333333333,0.9066666666666666,0.9933333333333333,1.0,0.9966666666666667,0.9533333333333334,0.9966666666666667,1.0,0.9966666666666667,1.0,0.97,300,2.273059186991304,6.968577785417438,7.490117211155593,no_probe,nan,nan,nan,nan,3249.92,91.93,300,296,0.36402881756756755,
Qwen3.8-Flash,c57_contradictory,per-case (D-3),300,300,1.0,0.0,0.9866666666666667,0.7666666666666667,0.62,0.9933333333333333,1.0,0.9966666666666667,0.81,0.9966666666666667,1.0,1.0,1.0,0.9633333333333334,300,2.3881895216181874,7.139024363271893,7.636210328992456,ok,0.8669439172372222,1.531640165951103,6.272512045013719,6.777898391336202,5345.536666666667,91.87333333333333,300,296,0.6825921959459459,
SemIf-Qwen3.5-4B,c3_fresh,c1_selfhosted/semif/c3_fresh/test,300,300,1.0,0.0033333333333333335,0.9633333333333334,0.3,0.24666666666666667,1.0,0.9866666666666667,0.99,0.31666666666666665,0.9866666666666667,1.0,1.0,1.0,0.9833333333333333,300,0.2953338506631553,0.40977774385828525,0.45697132440283816,inapplicable_selfhosted,nan,nan,nan,nan,2937.9866666666667,0.0,300,289,0.0,74.4667
SemIf-Qwen3.5-4B,c3_stale,c1_selfhosted/semif/c3_stale/test,300,300,1.0,0.0033333333333333335,0.9633333333333334,0.19,0.1,1.0,0.99,0.99,0.20333333333333334,0.9833333333333333,1.0,1.0,1.0,0.9833333333333333,300,0.31479043257422745,0.4146183316363022,0.4425564115075393,inapplicable_selfhosted,nan,nan,nan,nan,3162.25,0.0,300,289,0.0,84.3108
SemIf-Qwen3.5-4B,c3_noisy,c1_selfhosted/semif/c3_noisy/test,300,300,1.0,0.006666666666666667,0.9633333333333334,0.3433333333333333,0.23333333333333334,1.0,0.9866666666666667,0.9866666666666667,0.36333333333333334,0.99,1.0,1.0,1.0,0.9833333333333333,300,0.30384151404723525,0.4094169734045863,0.44456898779608295,inapplicable_selfhosted,nan,nan,nan,nan,2979.9666666666667,0.0,300,289,0.0,79.4485
SemIf-Qwen3.5-4B,c3_contradictory,c1_selfhosted/semif/c3_contradictory/test,300,300,1.0,0.0033333333333333335,0.9666666666666667,0.20666666666666667,0.14,1.0,0.99,0.9933333333333333,0.22333333333333333,0.9833333333333333,1.0,1.0,1.0,0.98,300,0.3073725125286728,0.3997382580768317,0.43060249449219556,inapplicable_selfhosted,nan,nan,nan,nan,3055.2366666666667,0.0,300,290,0.0,80.4243
SemIf-Qwen3.5-4B,c7_fresh,c1_selfhosted/semif/c7_fresh/test,300,300,1.0,0.0033333333333333335,0.9666666666666667,0.24333333333333335,0.12666666666666668,1.0,0.9866666666666667,0.9933333333333333,0.2733333333333333,0.9866666666666667,1.0,1.0,1.0,0.98,300,0.3065119022503495,0.4048856692854315,0.438877949626185,inapplicable_selfhosted,nan,nan,nan,nan,3063.81,0.0,300,290,0.0,78.8053
SemIf-Qwen3.5-4B,c7_stale,c1_selfhosted/semif/c7_stale/test,300,300,1.0,0.0033333333333333335,0.9633333333333334,0.15,0.11333333333333333,1.0,0.99,0.9866666666666667,0.20666666666666667,0.9866666666666667,1.0,1.0,1.0,0.9233333333333333,300,0.35309363529086113,0.46838468229398134,0.49063310597091914,inapplicable_selfhosted,nan,nan,nan,nan,3582.036666666667,0.0,300,289,0.0,86.8542
SemIf-Qwen3.5-4B,c7_noisy,c1_selfhosted/semif/c7_noisy/test,300,300,1.0,0.006666666666666667,0.96,0.27,0.15333333333333332,1.0,0.9866666666666667,0.99,0.2966666666666667,0.9833333333333333,1.0,1.0,1.0,0.98,300,0.3117156862281263,0.42143456349149344,0.46288357549812637,inapplicable_selfhosted,nan,nan,nan,nan,3105.83,0.0,300,288,0.0,78.2689
SemIf-Qwen3.5-4B,c7_contradictory,c1_selfhosted/semif/c7_contradictory/test,300,300,1.0,0.006666666666666667,0.96,0.21666666666666667,0.12666666666666668,1.0,0.9833333333333333,0.99,0.25,0.9866666666666667,1.0,1.0,1.0,0.96,300,0.3316314364783466,0.4248707379680127,0.4587324484577401,inapplicable_selfhosted,nan,nan,nan,nan,3334.983333333333,0.0,300,288,0.0,83.8872
SemIf-Qwen3.5-4B,c21_fresh,c1_selfhosted/semif/c21_fresh/test,300,300,1.0,0.0033333333333333335,0.96,0.11666666666666667,0.13333333333333333,1.0,0.99,0.99,0.15666666666666668,0.98,1.0,0.9966666666666667,1.0,0.95,300,0.34570598346181214,0.44984777166973805,0.4920796098327264,inapplicable_selfhosted,nan,nan,nan,nan,3505.3866666666668,0.0,300,288,0.0,86.0598
SemIf-Qwen3.5-4B,c21_stale,c1_selfhosted/semif/c21_stale/test,300,300,1.0,0.0033333333333333335,0.9666666666666667,0.15666666666666668,0.1,1.0,0.99,0.99,0.19333333333333333,0.9866666666666667,1.0,1.0,1.0,0.95,300,0.4625216566491872,0.575839479546994,0.6147539645433425,inapplicable_selfhosted,nan,nan,nan,nan,5052.196666666667,0.0,300,290,0.0,117.7047
SemIf-Qwen3.5-4B,c21_noisy,c1_selfhosted/semif/c21_noisy/test,300,300,1.0,0.0033333333333333335,0.9533333333333334,0.15666666666666668,0.16666666666666666,1.0,0.99,0.9866666666666667,0.19,0.9766666666666667,1.0,1.0,1.0,0.9433333333333334,300,0.3497360378969461,0.4589070571120829,0.4924465612042695,inapplicable_selfhosted,nan,nan,nan,nan,3547.36,0.0,300,286,0.0,87.5049
SemIf-Qwen3.5-4B,c21_contradictory,c1_selfhosted/semif/c21_contradictory/test,300,300,1.0,0.0033333333333333335,0.9633333333333334,0.10333333333333333,0.13333333333333333,1.0,0.9866666666666667,0.9933333333333333,0.15666666666666668,0.9833333333333333,1.0,1.0,1.0,0.9,300,0.4093293019104749,0.5163454484660179,0.5618622691230848,inapplicable_selfhosted,nan,nan,nan,nan,4315.243333333333,0.0,300,289,0.0,102.8724
SemIf-Qwen3.5-4B,c57_fresh,c1_selfhosted/semif/c57_fresh/test,300,300,1.0,0.0033333333333333335,0.9533333333333334,0.1,0.14,1.0,0.9833333333333333,0.9933333333333333,0.14333333333333334,0.9766666666666667,1.0,0.9966666666666667,1.0,0.9166666666666666,300,0.43147092312574387,0.5239719561068341,0.5555999523820355,inapplicable_selfhosted,nan,nan,nan,nan,4638.16,0.0,300,286,0.0,108.3582
SemIf-Qwen3.5-4B,c57_stale,c1_selfhosted/semif/c57_stale/test,300,300,1.0,0.0033333333333333335,0.9633333333333334,0.1,0.05333333333333334,1.0,0.9866666666666667,0.9866666666666667,0.14,0.99,1.0,1.0,1.0,0.9233333333333333,300,0.752235203050077,0.8595290428726002,0.911641092225909,inapplicable_selfhosted,nan,nan,nan,nan,8829.196666666667,0.0,300,289,0.0,188.6713
SemIf-Qwen3.5-4B,c57_noisy,c1_selfhosted/semif/c57_noisy/test,300,300,1.0,0.0033333333333333335,0.9533333333333334,0.10666666666666667,0.14666666666666667,1.0,0.99,0.9833333333333333,0.14666666666666667,0.98,1.0,1.0,1.0,0.9233333333333333,300,0.43307484639808536,0.5202769298804925,0.5755381711758673,inapplicable_selfhosted,nan,nan,nan,nan,4679.943333333334,0.0,300,286,0.0,105.4914
SemIf-Qwen3.5-4B,c57_contradictory,c1_selfhosted/semif/c57_contradictory/test,300,300,1.0,0.0033333333333333335,0.96,0.10333333333333333,0.16666666666666666,1.0,0.9866666666666667,0.99,0.18333333333333332,0.9833333333333333,1.0,1.0,1.0,0.86,300,0.6014524369966239,0.7127239663153887,0.754959870460443,inapplicable_selfhosted,nan,nan,nan,nan,6832.56,0.0,300,288,0.0,152.9129
AnyJev-L0,c3_fresh,c1_selfhosted/anyjev/c3_fresh/test,300,300,1.0,0.006666666666666667,0.8433333333333334,0.25666666666666665,0.5933333333333334,0.9933333333333333,0.9833333333333333,0.95,0.38,0.9066666666666666,0.9866666666666667,0.9533333333333334,0.9166666666666666,0.9733333333333334,300,0.3569342263508588,0.39469787464477124,0.4080234921956434,inapplicable_selfhosted,nan,nan,nan,nan,97760.91,57.0,300,253,0.0,121.1045
AnyJev-L0,c3_stale,c1_selfhosted/anyjev/c3_stale/test,300,300,1.0,0.0033333333333333335,0.8333333333333334,0.13666666666666666,0.35333333333333333,0.9833333333333333,0.9866666666666667,0.95,0.22333333333333333,0.91,1.0,0.8633333333333333,0.92,0.9666666666666667,300,0.5155964235309511,0.5350488435477019,0.5422571548074483,inapplicable_selfhosted,nan,nan,nan,nan,110372.92,57.0,300,250,0.0,206.3368
AnyJev-L0,c3_noisy,c1_selfhosted/anyjev/c3_noisy/test,300,300,1.0,0.0033333333333333335,0.84,0.20666666666666667,0.54,0.9833333333333333,0.9866666666666667,0.9466666666666667,0.34,0.9166666666666666,0.9833333333333333,0.8866666666666667,0.93,0.9733333333333334,300,0.37352611869573593,0.38614237811416385,0.391302208378911,inapplicable_selfhosted,nan,nan,nan,nan,100153.77,57.0,300,252,0.0,131.2376
AnyJev-L0,c3_contradictory,c1_selfhosted/anyjev/c3_contradictory/test,300,300,1.0,0.0033333333333333335,0.8566666666666667,0.12,0.29333333333333333,0.98,0.9833333333333333,0.9666666666666667,0.20666666666666667,0.9233333333333333,0.97,0.8266666666666667,0.96,0.97,300,0.4151145115029067,0.4401159551693127,0.45118687917478384,inapplicable_selfhosted,nan,nan,nan,nan,104273.16,57.0,300,257,0.0,160.1741
AnyJev-L0,c7_fresh,c1_selfhosted/anyjev/c7_fresh/test,300,300,1.0,0.0033333333333333335,0.84,0.13666666666666666,0.36666666666666664,0.9966666666666667,0.99,0.94,0.24333333333333335,0.9066666666666666,0.94,0.9433333333333334,0.9166666666666666,0.97,300,0.4202280875761062,0.443936781049706,0.4553087104391306,inapplicable_selfhosted,nan,nan,nan,nan,104704.84,57.0,300,252,0.0,163.0154
AnyJev-L0,c7_stale,c1_selfhosted/anyjev/c7_stale/test,300,300,1.0,0.0033333333333333335,0.8466666666666667,0.11,0.29333333333333333,0.9866666666666667,0.9866666666666667,0.9433333333333334,0.16666666666666666,0.9233333333333333,0.9966666666666667,0.9033333333333333,0.9033333333333333,0.9666666666666667,300,0.4079132208134979,0.42897689281962814,0.4441754392441362,inapplicable_selfhosted,nan,nan,nan,nan,133844.76,57.0,300,254,0.0,164.8778
AnyJev-L0,c7_noisy,c1_selfhosted/anyjev/c7_noisy/test,300,300,1.0,0.0033333333333333335,0.8333333333333334,0.15,0.4066666666666667,0.99,0.9833333333333333,0.9366666666666666,0.2833333333333333,0.92,0.99,0.9133333333333333,0.8333333333333334,0.9666666666666667,300,0.4556441667955369,0.47995064116548747,0.4884795005107298,inapplicable_selfhosted,nan,nan,nan,nan,107099.98,57.0,300,250,0.0,179.2922
AnyJev-L0,c7_contradictory,c1_selfhosted/anyjev/c7_contradictory/test,300,300,1.0,0.0033333333333333335,0.8033333333333333,0.07,0.22,0.9833333333333333,0.9866666666666667,0.95,0.15333333333333332,0.8733333333333333,0.9233333333333333,0.9166666666666666,0.9066666666666666,0.9633333333333334,300,0.7088939633686095,0.7371043962193653,0.747534211599268,inapplicable_selfhosted,nan,nan,nan,nan,119762.72,57.0,300,241,0.0,289.3181
AnyJev-L0,c21_fresh,c1_selfhosted/anyjev/c21_fresh/test,300,300,1.0,0.0033333333333333335,0.8433333333333334,0.09666666666666666,0.28,0.9933333333333333,0.9866666666666667,0.95,0.16333333333333333,0.9033333333333333,0.9,0.87,0.8333333333333334,0.9633333333333334,300,0.3795268938411027,0.39708629532251505,0.4056960985111073,inapplicable_selfhosted,nan,nan,nan,nan,129076.71,57.0,300,253,0.0,133.2530
AnyJev-L0,c21_stale,c1_selfhosted/anyjev/c21_stale/test,300,300,1.0,0.0033333333333333335,0.85,0.06333333333333334,0.24,0.9966666666666667,0.9833333333333333,0.95,0.13666666666666666,0.91,0.9766666666666667,0.7866666666666666,0.8766666666666667,0.9433333333333334,300,0.7397858812473714,0.9034713744418695,0.9115619950508699,inapplicable_selfhosted,nan,nan,nan,nan,216047.88,57.0,300,255,0.0,280.4401
AnyJev-L0,c21_noisy,c1_selfhosted/anyjev/c21_noisy/test,300,300,1.0,0.0033333333333333335,0.84,0.13,0.3333333333333333,0.9933333333333333,0.9833333333333333,0.9466666666666667,0.20333333333333334,0.9066666666666666,0.9733333333333334,0.8866666666666667,0.91,0.97,300,0.39643280603922904,0.40930166631005704,0.4154990599816665,inapplicable_selfhosted,nan,nan,nan,nan,131469.19,57.0,300,252,0.0,150.5302
AnyJev-L0,c21_contradictory,c1_selfhosted/anyjev/c21_contradictory/test,300,300,1.0,0.01,0.8233333333333334,0.09,0.22666666666666666,0.9866666666666667,0.9866666666666667,0.96,0.14666666666666667,0.8766666666666667,0.9933333333333333,0.83,0.8333333333333334,0.9766666666666667,300,0.56834462354891,0.5937320255441592,0.6043251754622906,inapplicable_selfhosted,nan,nan,nan,nan,174041.54,57.0,300,247,0.0,243.7174
AnyJev-L0,c57_fresh,c1_selfhosted/anyjev/c57_fresh/test,300,300,1.0,0.0033333333333333335,0.8166666666666667,0.09666666666666666,0.28,0.9933333333333333,0.9833333333333333,0.92,0.17333333333333334,0.9,0.9366666666666666,0.8566666666666667,0.8166666666666667,0.96,300,0.40335115883499384,0.4218174309004098,0.4283652207767591,inapplicable_selfhosted,nan,nan,nan,nan,191592.79,57.0,300,245,0.0,160.9643
AnyJev-L0,c57_stale,c1_selfhosted/anyjev/c57_stale/test,300,300,1.0,0.0033333333333333335,0.86,0.07666666666666666,0.21333333333333335,0.9933333333333333,0.9833333333333333,0.9533333333333334,0.12333333333333334,0.9166666666666666,0.9866666666666667,0.8533333333333334,0.8833333333333333,0.9166666666666666,300,0.7158054080791771,1.1302674181293697,1.1381065149465575,inapplicable_selfhosted,nan,nan,nan,nan,427232.88,57.0,300,258,0.0,343.3574
AnyJev-L0,c57_noisy,c1_selfhosted/anyjev/c57_noisy/test,300,300,1.0,0.0033333333333333335,0.8533333333333334,0.09333333333333334,0.24,0.99,0.98,0.96,0.15333333333333332,0.9166666666666666,0.9966666666666667,0.8766666666666667,0.8333333333333334,0.9666666666666667,300,0.42094049183651805,0.4417363935615867,0.44904290603008123,inapplicable_selfhosted,nan,nan,nan,nan,193974.44,57.0,300,256,0.0,174.2806
AnyJev-L0,c57_contradictory,c1_selfhosted/anyjev/c57_contradictory/test,300,300,1.0,0.006666666666666667,0.7966666666666666,0.06666666666666667,0.24666666666666667,0.9866666666666667,0.9833333333333333,0.9233333333333333,0.14666666666666667,0.8866666666666667,0.96,0.7833333333333333,0.79,0.9533333333333334,300,0.49050095677375793,0.5036686089355499,0.5073761207703501,inapplicable_selfhosted,nan,nan,nan,nan,313424.59,57.0,300,239,0.0,204.1984
Qwen3.5-4B-JSON,c3_fresh,c1_selfhosted/qwen_json/c3_fresh/test,300,300,1.0,0.013333333333333334,0.7233333333333334,0.16333333333333333,0.6333333333333333,0.9933333333333333,0.98,0.9966666666666667,0.32,0.75,1.0,1.0,1.0,0.99,300,0.5275252959690988,0.5645032686414198,0.5755825544055551,inapplicable_selfhosted,nan,nan,nan,nan,1559.9633333333334,93.16333333333333,300,217,0.0,172.7764
Qwen3.5-4B-JSON,c3_stale,c1_selfhosted/qwen_json/c3_stale/test,300,300,1.0,0.01,0.6766666666666666,0.07333333333333333,0.4,0.99,0.9833333333333333,0.9933333333333333,0.2,0.7033333333333334,1.0,0.9933333333333333,1.0,0.9733333333333334,300,0.5502120058517903,0.597532401396893,0.608292850931175,inapplicable_selfhosted,nan,nan,nan,nan,1781.2266666666667,93.11333333333333,300,203,0.0,169.1799
Qwen3.5-4B-JSON,c3_noisy,c1_selfhosted/qwen_json/c3_noisy/test,300,300,1.0,0.01,0.7233333333333334,0.17,0.64,0.9866666666666667,0.9866666666666667,0.9966666666666667,0.33666666666666667,0.7433333333333333,1.0,1.0,1.0,0.9966666666666667,300,0.40812391182407737,0.4185330159962177,0.4226254757726565,inapplicable_selfhosted,nan,nan,nan,nan,1601.9433333333334,93.13666666666667,300,217,0.0,144.3449
Qwen3.5-4B-JSON,c3_contradictory,c1_selfhosted/qwen_json/c3_contradictory/test,300,300,1.0,0.01,0.6833333333333333,0.09333333333333334,0.3466666666666667,0.9933333333333333,0.9833333333333333,0.9933333333333333,0.19666666666666666,0.7066666666666667,1.0,1.0,1.0,0.98,300,0.4116005434188992,0.4198772340314463,0.42339383795391766,inapplicable_selfhosted,nan,nan,nan,nan,1674.2133333333334,93.10333333333334,300,205,0.0,144.8542
Qwen3.5-4B-JSON,c7_fresh,c1_selfhosted/qwen_json/c7_fresh/test,300,300,1.0,0.006666666666666667,0.7066666666666667,0.1,0.47333333333333333,0.9933333333333333,0.9833333333333333,0.9933333333333333,0.24,0.73,1.0,1.0,1.0,0.9866666666666667,300,0.41194456606172025,0.42047179739456625,0.4257212040806189,inapplicable_selfhosted,nan,nan,nan,nan,1681.7866666666666,93.13666666666667,300,212,0.0,144.3584
Qwen3.5-4B-JSON,c7_stale,c1_selfhosted/qwen_json/c7_stale/test,300,300,1.0,0.006666666666666667,0.68,0.07666666666666666,0.38666666666666666,0.9833333333333333,0.9766666666666667,0.9966666666666667,0.21,0.7,1.0,0.9933333333333333,1.0,0.97,300,0.4133687645662576,0.42193122280295936,0.4245591210620478,inapplicable_selfhosted,nan,nan,nan,nan,2193.0133333333333,93.09,300,204,0.0,148.1948
Qwen3.5-4B-JSON,c7_noisy,c1_selfhosted/qwen_json/c7_noisy/test,300,300,1.0,0.01,0.7066666666666667,0.11333333333333333,0.5333333333333333,0.99,0.98,0.9966666666666667,0.27,0.7333333333333333,1.0,0.9966666666666667,1.0,0.9933333333333333,300,0.41085343388840556,0.41924592640716585,0.4232687789434567,inapplicable_selfhosted,nan,nan,nan,nan,1723.8066666666666,93.13333333333334,300,212,0.0,144.9219
Qwen3.5-4B-JSON,c7_contradictory,c1_selfhosted/qwen_json/c7_contradictory/test,300,300,1.0,0.013333333333333334,0.6766666666666666,0.09,0.34,0.99,0.9733333333333334,0.99,0.19,0.7033333333333334,1.0,0.9833333333333333,1.0,0.9833333333333333,300,0.41103414888493717,0.4195343273924664,0.42366332122590394,inapplicable_selfhosted,nan,nan,nan,nan,1945.96,93.08333333333333,300,203,0.0,145.6061
Qwen3.5-4B-JSON,c21_fresh,c1_selfhosted/qwen_json/c21_fresh/test,300,300,1.0,0.006666666666666667,0.7,0.09,0.36666666666666664,0.9866666666666667,0.9833333333333333,0.9966666666666667,0.18333333333333332,0.72,1.0,0.9933333333333333,1.0,0.9933333333333333,300,0.41272930917330086,0.4243375610327348,0.4277527908468619,inapplicable_selfhosted,nan,nan,nan,nan,2109.3633333333332,93.1,300,210,0.0,147.6216
Qwen3.5-4B-JSON,c21_stale,c1_selfhosted/qwen_json/c21_stale/test,300,300,1.0,0.0033333333333333335,0.6966666666666667,0.06666666666666667,0.3,0.9733333333333334,0.99,0.9933333333333333,0.16,0.7166666666666667,0.9933333333333333,0.9866666666666667,0.9966666666666667,0.9733333333333334,300,0.4375322435516864,0.44665609411895274,0.45068926544860005,inapplicable_selfhosted,nan,nan,nan,nan,3635.173333333333,93.10666666666667,300,209,0.0,159.4837
Qwen3.5-4B-JSON,c21_noisy,c1_selfhosted/qwen_json/c21_noisy/test,300,300,1.0,0.006666666666666667,0.7066666666666667,0.08333333333333333,0.38666666666666666,0.9866666666666667,0.99,0.9966666666666667,0.19666666666666666,0.7166666666666667,1.0,0.9833333333333333,1.0,0.9933333333333333,300,0.4126869065221399,0.42116529000923036,0.42444968299008906,inapplicable_selfhosted,nan,nan,nan,nan,2151.3366666666666,93.09666666666666,300,212,0.0,147.0744
Qwen3.5-4B-JSON,c21_contradictory,c1_selfhosted/qwen_json/c21_contradictory/test,300,300,1.0,0.006666666666666667,0.68,0.07333333333333333,0.2866666666666667,0.98,0.9733333333333334,0.99,0.16333333333333333,0.7133333333333334,1.0,0.9833333333333333,1.0,0.9766666666666667,300,0.4171727348584682,0.42699441697914153,0.43096540998667476,inapplicable_selfhosted,nan,nan,nan,nan,2898.22,93.08333333333333,300,204,0.0,150.9922
Qwen3.5-4B-JSON,c57_fresh,c1_selfhosted/qwen_json/c57_fresh/test,300,300,1.0,0.0,0.6933333333333334,0.06666666666666667,0.2866666666666667,0.9866666666666667,0.9833333333333333,0.9933333333333333,0.14666666666666667,0.71,1.0,0.99,0.9966666666666667,0.99,300,0.42881266539916396,0.43874942113179716,0.44310030433814973,inapplicable_selfhosted,nan,nan,nan,nan,3206.1366666666668,93.08,300,208,0.0,155.6207
Qwen3.5-4B-JSON,c57_stale,c1_selfhosted/qwen_json/c57_stale/test,300,300,1.0,0.0,0.71,0.08,0.2733333333333333,0.9766666666666667,0.98,0.99,0.16,0.7333333333333333,0.99,0.9866666666666667,0.9966666666666667,0.9433333333333334,300,0.5180028388276696,0.5276354443281889,0.5312512509338557,inapplicable_selfhosted,nan,nan,nan,nan,7340.173333333333,93.08666666666667,300,213,0.0,195.1799
Qwen3.5-4B-JSON,c57_noisy,c1_selfhosted/qwen_json/c57_noisy/test,300,300,1.0,0.006666666666666667,0.7033333333333334,0.07,0.2733333333333333,0.9866666666666667,0.9833333333333333,0.9933333333333333,0.15333333333333332,0.7233333333333334,1.0,0.9866666666666667,0.9966666666666667,0.9833333333333333,300,0.4292549460660666,0.43820450708735736,0.442598737841472,inapplicable_selfhosted,nan,nan,nan,nan,3247.92,93.07333333333334,300,211,0.0,156.5734
Qwen3.5-4B-JSON,c57_contradictory,c1_selfhosted/qwen_json/c57_contradictory/test,300,300,1.0,0.01,0.6666666666666666,0.08,0.3,0.9766666666666667,0.9666666666666667,0.9866666666666667,0.17666666666666667,0.7066666666666667,0.9866666666666667,0.9766666666666667,0.9966666666666667,0.9866666666666667,300,0.47518457658588886,0.4840964714763686,0.48759240134619175,inapplicable_selfhosted,nan,nan,nan,nan,5343.536666666667,93.05,300,200,0.0,175.8233
