model,deployment,source_records,source_record_row,ell_s,delta_a1_ms,delta_e2_ms,kpm_upper_bound_s
Jev-1.13.0,hosted,experiments/c3-real-stack/results/runs/c3main-jev-1.13.0-202609261010/records.jsonl,1,0.6000563325360417,14.861106872558594,6.433010101318359,1.046694040298462
Jev-1.13.0,hosted,experiments/c3-real-stack/results/runs/c3main-jev-1.13.0-202609261010/records.jsonl,2,0.25099012441933155,17.453432083129883,2.501964569091797,0.623837947845459
Jev-1.13.0,hosted,experiments/c3-real-stack/results/runs/c3main-jev-1.13.0-202609261010/records.jsonl,3,0.28324741683900356,18.816232681274414,2.363920211791992,0.41693592071533203
Jev-1.13.0,hosted,experiments/c3-real-stack/results/runs/c3main-jev-1.13.0-202609261010/records.jsonl,4,0.2905905842781067,20.16758918762207,3.8809776306152344,0.41434502601623535
Jev-1.13.0,hosted,experiments/c3-real-stack/results/runs/c3main-jev-1.13.0-202609261010/records.jsonl,5,0.26844341680407524,14.338493347167969,3.7920475006103516,0.20650100708007812
Jev-1.13.0,hosted,experiments/c3-real-stack/results/runs/c3main-jev-1.13.0-202609261010/records.jsonl,6,0.24332129023969173,16.344785690307617,2.321004867553711,0.207319974899292
Jev-1.13.0,hosted,experiments/c3-real-stack/results/runs/c3main-jev-1.13.0-202609261010/records.jsonl,7,0.24061366636306047,15.19465446472168,1.9290447235107422,0.41178393363952637
Jev-1.13.0,hosted,experiments/c3-real-stack/results/runs/c3main-jev-1.13.0-202609261010/records.jsonl,8,0.3652707077562809,14.535665512084961,2.2530555725097656,1.8748750686645508
Jev-1.13.0,hosted,experiments/c3-real-stack/results/runs/c3main-jev-1.13.0-202609261010/records.jsonl,9,0.2504562074318528,18.565893173217773,3.8900375366210938,0.212615966796875
Jev-1.13.0,hosted,experiments/c3-real-stack/results/runs/c3main-jev-1.13.0-202609261010/records.jsonl,10,0.30891762487590313,13.796567916870117,3.1859874725341797,1.8678619861602783
Jev-1.13.0,hosted,experiments/c3-real-stack/results/runs/c3main-jev-1.13.0-202609261010/records.jsonl,11,0.25866891723126173,19.44279670715332,3.983020782470703,1.6588048934936523
Jev-1.13.0,hosted,experiments/c3-real-stack/results/runs/c3main-jev-1.13.0-202609261010/records.jsonl,12,0.3564683338627219,15.108108520507812,2.287149429321289,1.4574310779571533
Jev-1.13.0,hosted,experiments/c3-real-stack/results/runs/c3main-jev-1.13.0-202609261010/records.jsonl,13,0.2614365825429559,14.99319076538086,1.9609928131103516,1.6644370555877686
Jev-1.13.0,hosted,experiments/c3-real-stack/results/runs/c3main-jev-1.13.0-202609261010/records.jsonl,14,0.2526447093114257,16.93129539489746,0.9500980377197266,1.6704471111297607
Jev-1.13.0,hosted,experiments/c3-real-stack/results/runs/c3main-jev-1.13.0-202609261010/records.jsonl,15,0.26902795769274235,15.263795852661133,2.8929710388183594,1.4517340660095215
Jev-1.13.0,hosted,experiments/c3-real-stack/results/runs/c3main-jev-1.13.0-202609261010/records.jsonl,16,0.4119527917355299,13.39268684387207,1.645803451538086,1.458251953125
Jev-1.13.0,hosted,experiments/c3-real-stack/results/runs/c3main-jev-1.13.0-202609261010/records.jsonl,17,0.2623997498303652,19.025325775146484,3.023862838745117,1.4568378925323486
Jev-1.13.0,hosted,experiments/c3-real-stack/results/runs/c3main-jev-1.13.0-202609261010/records.jsonl,18,0.30709958262741566,19.01865005493164,2.164125442504883,1.2417171001434326
Jev-1.13.0,hosted,experiments/c3-real-stack/results/runs/c3main-jev-1.13.0-202609261010/records.jsonl,19,0.30542295798659325,18.391847610473633,3.2770633697509766,0.8307690620422363
Jev-1.13.0,hosted,experiments/c3-real-stack/results/runs/c3main-jev-1.13.0-202609261010/records.jsonl,20,0.2536924574524164,20.36118507385254,2.357006072998047,1.4549949169158936
Jev-1.13.0,hosted,experiments/c3-real-stack/results/runs/c3main-jev-1.13.0-202609261010/records.jsonl,21,0.3385485000908375,16.923904418945312,4.359006881713867,2.718003988265991
Jev-1.13.0,hosted,experiments/c3-real-stack/results/runs/c3main-jev-1.13.0-202609261010/records.jsonl,22,0.28788029216229916,15.697956085205078,2.092123031616211,0.6258549690246582
Jev-1.13.0,hosted,experiments/c3-real-stack/results/runs/c3main-jev-1.13.0-202609261010/records.jsonl,23,0.2900799587368965,16.917943954467773,3.3669471740722656,0.6199910640716553
Jev-1.13.0,hosted,experiments/c3-real-stack/results/runs/c3main-jev-1.13.0-202609261010/records.jsonl,24,0.34972245804965496,19.74177360534668,2.228975296020508,2.4951670169830322
Jev-1.13.0,hosted,experiments/c3-real-stack/results/runs/c3main-jev-1.13.0-202609261010/records.jsonl,25,0.2777293333783746,18.869638442993164,1.4331340789794922,0.8352220058441162
Jev-1.13.0,hosted,experiments/c3-real-stack/results/runs/c3main-jev-1.13.0-202609261010/records.jsonl,26,0.32557129207998514,15.772819519042969,2.804994583129883,2.493649959564209
Jev-1.13.0,hosted,experiments/c3-real-stack/results/runs/c3main-jev-1.13.0-202609261010/records.jsonl,27,0.33012116607278585,16.170978546142578,2.1500587463378906,2.498831033706665
Jev-1.13.0,hosted,experiments/c3-real-stack/results/runs/c3main-jev-1.13.0-202609261010/records.jsonl,28,0.24675308261066675,21.015644073486328,3.583192825317383,0.0012481212615966797
Jev-1.13.0,hosted,experiments/c3-real-stack/results/runs/c3main-jev-1.13.0-202609261010/records.jsonl,29,0.2695038327947259,16.041278839111328,3.3769607543945312,1.040945053100586
Jev-1.13.0,hosted,experiments/c3-real-stack/results/runs/c3main-jev-1.13.0-202609261010/records.jsonl,30,0.30076354183256626,13.968944549560547,2.2280216217041016,2.075870990753174
SemIf-Qwen3.5-4B,self-hosted,experiments/c3-real-stack/results/runs/c3main-semif-202609261417/records.jsonl,1,0.4884407501667738,21.166086196899414,6.227970123291016,0.20732402801513672
SemIf-Qwen3.5-4B,self-hosted,experiments/c3-real-stack/results/runs/c3main-semif-202609261417/records.jsonl,2,0.3882185835391283,16.446828842163086,3.5469532012939453,0.20208501815795898
SemIf-Qwen3.5-4B,self-hosted,experiments/c3-real-stack/results/runs/c3main-semif-202609261417/records.jsonl,3,0.37787070870399475,15.195608139038086,3.6039352416992188,0.4152538776397705
SemIf-Qwen3.5-4B,self-hosted,experiments/c3-real-stack/results/runs/c3main-semif-202609261417/records.jsonl,4,0.3614064157009125,13.96489143371582,2.6128292083740234,0.417248010635376
SemIf-Qwen3.5-4B,self-hosted,experiments/c3-real-stack/results/runs/c3main-semif-202609261417/records.jsonl,5,1.2371491249650717,15.571832656860352,3.025054931640625,1.4561419486999512
SemIf-Qwen3.5-4B,self-hosted,experiments/c3-real-stack/results/runs/c3main-semif-202609261417/records.jsonl,6,0.3925436669960618,19.252538681030273,1.64794921875,1.8735358715057373
SemIf-Qwen3.5-4B,self-hosted,experiments/c3-real-stack/results/runs/c3main-semif-202609261417/records.jsonl,7,0.3795159589499235,15.67220687866211,3.2050609588623047,2.0809919834136963
SemIf-Qwen3.5-4B,self-hosted,experiments/c3-real-stack/results/runs/c3main-semif-202609261417/records.jsonl,8,0.2646753750741482,15.162467956542969,3.8530826568603516,3.7419490814208984
SemIf-Qwen3.5-4B,self-hosted,experiments/c3-real-stack/results/runs/c3main-semif-202609261417/records.jsonl,9,0.3651508744806051,14.529228210449219,2.98309326171875,1.6664321422576904
SemIf-Qwen3.5-4B,self-hosted,experiments/c3-real-stack/results/runs/c3main-semif-202609261417/records.jsonl,10,0.3529960419982672,14.552116394042969,3.3180713653564453,1.4510619640350342
SemIf-Qwen3.5-4B,self-hosted,experiments/c3-real-stack/results/runs/c3main-semif-202609261417/records.jsonl,11,0.2935906248167157,,,
SemIf-Qwen3.5-4B,self-hosted,experiments/c3-real-stack/results/runs/c3main-semif-202609261417/records.jsonl,12,0.40478604193776846,21.520137786865234,3.634929656982422,1.2514960765838623
SemIf-Qwen3.5-4B,self-hosted,experiments/c3-real-stack/results/runs/c3main-semif-202609261417/records.jsonl,13,0.4023264590650797,14.298200607299805,1.4629364013671875,3.536301851272583
SemIf-Qwen3.5-4B,self-hosted,experiments/c3-real-stack/results/runs/c3main-semif-202609261417/records.jsonl,14,0.3009230839088559,18.085956573486328,2.6760101318359375,1.4513609409332275
SemIf-Qwen3.5-4B,self-hosted,experiments/c3-real-stack/results/runs/c3main-semif-202609261417/records.jsonl,15,0.26436191610991955,22.469043731689453,2.2459030151367188,1.457927942276001
SemIf-Qwen3.5-4B,self-hosted,experiments/c3-real-stack/results/runs/c3main-semif-202609261417/records.jsonl,16,0.3606420001015067,20.201444625854492,4.244089126586914,1.2485921382904053
SemIf-Qwen3.5-4B,self-hosted,experiments/c3-real-stack/results/runs/c3main-semif-202609261417/records.jsonl,17,0.3529287073761225,14.88804817199707,3.677845001220703,0.6203389167785645
SemIf-Qwen3.5-4B,self-hosted,experiments/c3-real-stack/results/runs/c3main-semif-202609261417/records.jsonl,18,0.41033891681581736,20.757436752319336,3.165006637573242,1.037842035293579
SemIf-Qwen3.5-4B,self-hosted,experiments/c3-real-stack/results/runs/c3main-semif-202609261417/records.jsonl,19,0.3074352080002427,16.710281372070312,4.119157791137695,1.2619972229003906
SemIf-Qwen3.5-4B,self-hosted,experiments/c3-real-stack/results/runs/c3main-semif-202609261417/records.jsonl,20,0.30705279018729925,18.28169822692871,3.0989646911621094,0.413877010345459
SemIf-Qwen3.5-4B,self-hosted,experiments/c3-real-stack/results/runs/c3main-semif-202609261417/records.jsonl,21,0.3477359591051936,19.188642501831055,4.604816436767578,0.41033196449279785
SemIf-Qwen3.5-4B,self-hosted,experiments/c3-real-stack/results/runs/c3main-semif-202609261417/records.jsonl,22,0.26686954125761986,16.81208610534668,3.139972686767578,0.4116709232330322
SemIf-Qwen3.5-4B,self-hosted,experiments/c3-real-stack/results/runs/c3main-semif-202609261417/records.jsonl,23,0.39224225003272295,15.118837356567383,3.1499862670898438,2.0788509845733643
SemIf-Qwen3.5-4B,self-hosted,experiments/c3-real-stack/results/runs/c3main-semif-202609261417/records.jsonl,24,0.3690852504223585,18.77570152282715,1.2941360473632812,0.20912909507751465
SemIf-Qwen3.5-4B,self-hosted,experiments/c3-real-stack/results/runs/c3main-semif-202609261417/records.jsonl,25,0.40776495821774006,18.25404167175293,3.5920143127441406,1.6639859676361084
SemIf-Qwen3.5-4B,self-hosted,experiments/c3-real-stack/results/runs/c3main-semif-202609261417/records.jsonl,26,0.27912866696715355,17.846107482910156,2.2568702697753906,1.2441809177398682
SemIf-Qwen3.5-4B,self-hosted,experiments/c3-real-stack/results/runs/c3main-semif-202609261417/records.jsonl,27,0.2637584572657943,17.14920997619629,2.334117889404297,0.4169480800628662
SemIf-Qwen3.5-4B,self-hosted,experiments/c3-real-stack/results/runs/c3main-semif-202609261417/records.jsonl,28,0.30642079189419746,14.842510223388672,2.2661685943603516,1.4528911113739014
SemIf-Qwen3.5-4B,self-hosted,experiments/c3-real-stack/results/runs/c3main-semif-202609261417/records.jsonl,29,0.33130991738289595,15.442371368408203,2.187013626098633,0.20718598365783691
SemIf-Qwen3.5-4B,self-hosted,experiments/c3-real-stack/results/runs/c3main-semif-202609261417/records.jsonl,30,0.30395554192364216,13.585567474365234,1.895904541015625,1.0354669094085693
AnyJev-L0,self-hosted,experiments/c3-real-stack/results/runs/c3main-anyjev-202609261402/records.jsonl,1,1.344529166817665,15.848875045776367,5.676984786987305,2.9134559631347656
AnyJev-L0,self-hosted,experiments/c3-real-stack/results/runs/c3main-anyjev-202609261402/records.jsonl,2,1.8045706246048212,19.249677658081055,3.583192825317383,0.6254401206970215
AnyJev-L0,self-hosted,experiments/c3-real-stack/results/runs/c3main-anyjev-202609261402/records.jsonl,3,1.6086077922955155,18.447399139404297,4.302978515625,0.6227531433105469
AnyJev-L0,self-hosted,experiments/c3-real-stack/results/runs/c3main-anyjev-202609261402/records.jsonl,4,1.5881964582949877,19.578933715820312,4.846096038818359,2.4965600967407227
AnyJev-L0,self-hosted,experiments/c3-real-stack/results/runs/c3main-anyjev-202609261402/records.jsonl,5,1.681678917258978,20.136117935180664,3.7360191345214844,6.242847919464111
AnyJev-L0,self-hosted,experiments/c3-real-stack/results/runs/c3main-anyjev-202609261402/records.jsonl,6,1.3838912500068545,19.47164535522461,2.9180049896240234,0.6245748996734619
AnyJev-L0,self-hosted,experiments/c3-real-stack/results/runs/c3main-anyjev-202609261402/records.jsonl,7,1.5010802503675222,22.08709716796875,2.299070358276367,0.2082679271697998
AnyJev-L0,self-hosted,experiments/c3-real-stack/results/runs/c3main-anyjev-202609261402/records.jsonl,8,1.5067354580387473,20.888566970825195,1.043081283569336,3.7416231632232666
AnyJev-L0,self-hosted,experiments/c3-real-stack/results/runs/c3main-anyjev-202609261402/records.jsonl,9,1.445480209775269,19.599199295043945,3.1991004943847656,1.2460670471191406
AnyJev-L0,self-hosted,experiments/c3-real-stack/results/runs/c3main-anyjev-202609261402/records.jsonl,10,1.2745472081005573,20.718097686767578,2.5949478149414062,1.2466659545898438
AnyJev-L0,self-hosted,experiments/c3-real-stack/results/runs/c3main-anyjev-202609261402/records.jsonl,11,1.2598969154059887,,,
AnyJev-L0,self-hosted,experiments/c3-real-stack/results/runs/c3main-anyjev-202609261402/records.jsonl,12,1.15235058311373,23.76389503479004,2.1431446075439453,4.801021099090576
AnyJev-L0,self-hosted,experiments/c3-real-stack/results/runs/c3main-anyjev-202609261402/records.jsonl,13,0.9965355843305588,14.328956604003906,3.2668113708496094,1.6600258350372314
AnyJev-L0,self-hosted,experiments/c3-real-stack/results/runs/c3main-anyjev-202609261402/records.jsonl,14,0.856740958057344,13.903617858886719,2.142190933227539,
AnyJev-L0,self-hosted,experiments/c3-real-stack/results/runs/c3main-anyjev-202609261402/records.jsonl,15,0.9981877086684108,14.665842056274414,3.6079883575439453,1.2452499866485596
AnyJev-L0,self-hosted,experiments/c3-real-stack/results/runs/c3main-anyjev-202609261402/records.jsonl,16,0.9658757084980607,14.005661010742188,2.3620128631591797,1.4560070037841797
AnyJev-L0,self-hosted,experiments/c3-real-stack/results/runs/c3main-anyjev-202609261402/records.jsonl,17,1.1056056674569845,19.706010818481445,3.2160282135009766,1.4505150318145752
AnyJev-L0,self-hosted,experiments/c3-real-stack/results/runs/c3main-anyjev-202609261402/records.jsonl,18,0.9295592494308949,19.452571868896484,3.515005111694336,1.45719313621521
AnyJev-L0,self-hosted,experiments/c3-real-stack/results/runs/c3main-anyjev-202609261402/records.jsonl,19,1.113086124882102,15.829324722290039,2.6061534881591797,1.2423741817474365
AnyJev-L0,self-hosted,experiments/c3-real-stack/results/runs/c3main-anyjev-202609261402/records.jsonl,20,0.7995751248672605,17.885208129882812,2.129077911376953,0.8328330516815186
AnyJev-L0,self-hosted,experiments/c3-real-stack/results/runs/c3main-anyjev-202609261402/records.jsonl,21,1.1757669169455767,,,
AnyJev-L0,self-hosted,experiments/c3-real-stack/results/runs/c3main-anyjev-202609261402/records.jsonl,22,0.8500793743878603,15.623807907104492,3.487825393676758,1.0392417907714844
AnyJev-L0,self-hosted,experiments/c3-real-stack/results/runs/c3main-anyjev-202609261402/records.jsonl,23,0.9854605002328753,19.741296768188477,4.184961318969727,2.2896881103515625
AnyJev-L0,self-hosted,experiments/c3-real-stack/results/runs/c3main-anyjev-202609261402/records.jsonl,24,1.016057375818491,21.64483070373535,2.4929046630859375,1.0395238399505615
AnyJev-L0,self-hosted,experiments/c3-real-stack/results/runs/c3main-anyjev-202609261402/records.jsonl,25,0.8130336655303836,13.985395431518555,4.155874252319336,0.00150299072265625
AnyJev-L0,self-hosted,experiments/c3-real-stack/results/runs/c3main-anyjev-202609261402/records.jsonl,26,1.0305062495172024,14.588117599487305,2.910137176513672,1.041633129119873
AnyJev-L0,self-hosted,experiments/c3-real-stack/results/runs/c3main-anyjev-202609261402/records.jsonl,27,0.9957635840401053,19.715547561645508,4.30607795715332,1.4548039436340332
AnyJev-L0,self-hosted,experiments/c3-real-stack/results/runs/c3main-anyjev-202609261402/records.jsonl,28,1.0090607916936278,15.739679336547852,2.7000904083251953,1.4577879905700684
AnyJev-L0,self-hosted,experiments/c3-real-stack/results/runs/c3main-anyjev-202609261402/records.jsonl,29,0.8819842087104917,18.972158432006836,1.0058879852294922,1.4598278999328613
AnyJev-L0,self-hosted,experiments/c3-real-stack/results/runs/c3main-anyjev-202609261402/records.jsonl,30,0.9228284163400531,17.36140251159668,2.696990966796875,1.0413479804992676
DeepSeek-V4.1-Flash,hosted,experiments/c3-real-stack/results/runs/c3main-deepseek-v4.1-flash-202609261230/records.jsonl,1,0.7898695832118392,18.243074417114258,6.588220596313477,0.21390008926391602
DeepSeek-V4.1-Flash,hosted,experiments/c3-real-stack/results/runs/c3main-deepseek-v4.1-flash-202609261230/records.jsonl,2,0.44875083304941654,20.872831344604492,1.6410350799560547,0.41741108894348145
DeepSeek-V4.1-Flash,hosted,experiments/c3-real-stack/results/runs/c3main-deepseek-v4.1-flash-202609261230/records.jsonl,3,0.4552166657522321,21.866798400878906,3.6568641662597656,0.20224285125732422
DeepSeek-V4.1-Flash,hosted,experiments/c3-real-stack/results/runs/c3main-deepseek-v4.1-flash-202609261230/records.jsonl,4,0.5923513751477003,14.611959457397461,2.8641223907470703,0.20875310897827148
DeepSeek-V4.1-Flash,hosted,experiments/c3-real-stack/results/runs/c3main-deepseek-v4.1-flash-202609261230/records.jsonl,5,0.5898252502083778,20.75481414794922,3.2639503479003906,2.0778849124908447
DeepSeek-V4.1-Flash,hosted,experiments/c3-real-stack/results/runs/c3main-deepseek-v4.1-flash-202609261230/records.jsonl,6,0.4966417495161295,16.15142822265625,2.1600723266601562,1.874603033065796
DeepSeek-V4.1-Flash,hosted,experiments/c3-real-stack/results/runs/c3main-deepseek-v4.1-flash-202609261230/records.jsonl,7,0.5005953330546618,16.541719436645508,2.2249221801757812,0.0012428760528564453
DeepSeek-V4.1-Flash,hosted,experiments/c3-real-stack/results/runs/c3main-deepseek-v4.1-flash-202609261230/records.jsonl,8,0.4908801671117544,13.290166854858398,1.9919872283935547,0.001528024673461914
DeepSeek-V4.1-Flash,hosted,experiments/c3-real-stack/results/runs/c3main-deepseek-v4.1-flash-202609261230/records.jsonl,9,0.48191375005990267,16.412973403930664,2.935171127319336,2.0786759853363037
DeepSeek-V4.1-Flash,hosted,experiments/c3-real-stack/results/runs/c3main-deepseek-v4.1-flash-202609261230/records.jsonl,10,0.5124297505244613,14.71257209777832,3.1740665435791016,1.87186598777771
DeepSeek-V4.1-Flash,hosted,experiments/c3-real-stack/results/runs/c3main-deepseek-v4.1-flash-202609261230/records.jsonl,11,0.8596171671524644,15.881061553955078,3.019094467163086,1.4563109874725342
DeepSeek-V4.1-Flash,hosted,experiments/c3-real-stack/results/runs/c3main-deepseek-v4.1-flash-202609261230/records.jsonl,12,0.5269578332081437,15.932798385620117,3.0820369720458984,1.4557640552520752
DeepSeek-V4.1-Flash,hosted,experiments/c3-real-stack/results/runs/c3main-deepseek-v4.1-flash-202609261230/records.jsonl,13,0.5806456664577127,20.096302032470703,3.7980079650878906,1.2455739974975586
DeepSeek-V4.1-Flash,hosted,experiments/c3-real-stack/results/runs/c3main-deepseek-v4.1-flash-202609261230/records.jsonl,14,0.5142101673409343,17.831802368164062,3.4360885620117188,1.4531099796295166
DeepSeek-V4.1-Flash,hosted,experiments/c3-real-stack/results/runs/c3main-deepseek-v4.1-flash-202609261230/records.jsonl,15,0.5612634588032961,13.925313949584961,2.1638870239257812,1.4527769088745117
DeepSeek-V4.1-Flash,hosted,experiments/c3-real-stack/results/runs/c3main-deepseek-v4.1-flash-202609261230/records.jsonl,16,0.4960437500849366,15.256404876708984,2.936124801635742,1.4596519470214844
DeepSeek-V4.1-Flash,hosted,experiments/c3-real-stack/results/runs/c3main-deepseek-v4.1-flash-202609261230/records.jsonl,17,0.4701262917369604,19.883155822753906,2.852201461791992,1.0354480743408203
DeepSeek-V4.1-Flash,hosted,experiments/c3-real-stack/results/runs/c3main-deepseek-v4.1-flash-202609261230/records.jsonl,18,0.5733440835028887,16.690731048583984,2.3958683013916016,0.4100949764251709
DeepSeek-V4.1-Flash,hosted,experiments/c3-real-stack/results/runs/c3main-deepseek-v4.1-flash-202609261230/records.jsonl,19,0.5275554582476616,18.168210983276367,2.187013626098633,0.8298230171203613
DeepSeek-V4.1-Flash,hosted,experiments/c3-real-stack/results/runs/c3main-deepseek-v4.1-flash-202609261230/records.jsonl,20,0.5261225001886487,15.655279159545898,2.285003662109375,3.114147186279297
DeepSeek-V4.1-Flash,hosted,experiments/c3-real-stack/results/runs/c3main-deepseek-v4.1-flash-202609261230/records.jsonl,21,0.5011189160868526,18.509864807128906,4.58979606628418,0.8362729549407959
DeepSeek-V4.1-Flash,hosted,experiments/c3-real-stack/results/runs/c3main-deepseek-v4.1-flash-202609261230/records.jsonl,22,0.5631754994392395,19.115686416625977,2.173900604248047,0.6247808933258057
DeepSeek-V4.1-Flash,hosted,experiments/c3-real-stack/results/runs/c3main-deepseek-v4.1-flash-202609261230/records.jsonl,23,1.1250289166346192,15.45572280883789,1.1010169982910156,1.6590909957885742
DeepSeek-V4.1-Flash,hosted,experiments/c3-real-stack/results/runs/c3main-deepseek-v4.1-flash-202609261230/records.jsonl,24,0.5665569575503469,15.922069549560547,1.4851093292236328,3.9470109939575195
DeepSeek-V4.1-Flash,hosted,experiments/c3-real-stack/results/runs/c3main-deepseek-v4.1-flash-202609261230/records.jsonl,25,0.5143004581332207,14.258146286010742,3.342866897583008,2.4939379692077637
DeepSeek-V4.1-Flash,hosted,experiments/c3-real-stack/results/runs/c3main-deepseek-v4.1-flash-202609261230/records.jsonl,26,0.6983704576268792,15.015602111816406,3.222942352294922,1.8697428703308105
DeepSeek-V4.1-Flash,hosted,experiments/c3-real-stack/results/runs/c3main-deepseek-v4.1-flash-202609261230/records.jsonl,27,0.6584309171885252,13.671159744262695,2.2478103637695312,1.0433130264282227
DeepSeek-V4.1-Flash,hosted,experiments/c3-real-stack/results/runs/c3main-deepseek-v4.1-flash-202609261230/records.jsonl,28,0.5091495420783758,19.049644470214844,1.444101333618164,1.8704609870910645
DeepSeek-V4.1-Flash,hosted,experiments/c3-real-stack/results/runs/c3main-deepseek-v4.1-flash-202609261230/records.jsonl,29,0.4715858334675431,15.013456344604492,3.2720565795898438,0.829988956451416
DeepSeek-V4.1-Flash,hosted,experiments/c3-real-stack/results/runs/c3main-deepseek-v4.1-flash-202609261230/records.jsonl,30,0.5361062502488494,17.456769943237305,4.410982131958008,1.248284101486206
GLM-5.3-Flash,hosted,experiments/c3-real-stack/results/runs/c3main-glm-5.3-flash-202609261340/records.jsonl,1,1.3375648753717542,15.181541442871094,6.628990173339844,2.4962191581726074
GLM-5.3-Flash,hosted,experiments/c3-real-stack/results/runs/c3main-glm-5.3-flash-202609261340/records.jsonl,2,1.912892833352089,21.518230438232422,3.506898880004883,0.829603910446167
GLM-5.3-Flash,hosted,experiments/c3-real-stack/results/runs/c3main-glm-5.3-flash-202609261340/records.jsonl,3,0.7789404597133398,14.61648941040039,3.9381980895996094,1.873507022857666
GLM-5.3-Flash,hosted,experiments/c3-real-stack/results/runs/c3main-glm-5.3-flash-202609261340/records.jsonl,4,1.2378617087379098,15.835046768188477,0.9419918060302734,1.2456300258636475
GLM-5.3-Flash,hosted,experiments/c3-real-stack/results/runs/c3main-glm-5.3-flash-202609261340/records.jsonl,5,1.191825999878347,20.20883560180664,1.1000633239746094,1.0346908569335938
GLM-5.3-Flash,hosted,experiments/c3-real-stack/results/runs/c3main-glm-5.3-flash-202609261340/records.jsonl,6,0.9030892504379153,15.166044235229492,1.764059066772461,5.407003879547119
GLM-5.3-Flash,hosted,experiments/c3-real-stack/results/runs/c3main-glm-5.3-flash-202609261340/records.jsonl,7,0.891016916371882,14.668941497802734,2.9997825622558594,
GLM-5.3-Flash,hosted,experiments/c3-real-stack/results/runs/c3main-glm-5.3-flash-202609261340/records.jsonl,8,0.9036381244659424,16.434192657470703,3.8220882415771484,0.627953052520752
GLM-5.3-Flash,hosted,experiments/c3-real-stack/results/runs/c3main-glm-5.3-flash-202609261340/records.jsonl,9,1.2035047505050898,16.217947006225586,3.2439231872558594,0.6218938827514648
GLM-5.3-Flash,hosted,experiments/c3-real-stack/results/runs/c3main-glm-5.3-flash-202609261340/records.jsonl,10,1.0707982499152422,14.336585998535156,3.376007080078125,0.41040682792663574
GLM-5.3-Flash,hosted,experiments/c3-real-stack/results/runs/c3main-glm-5.3-flash-202609261340/records.jsonl,11,4.8774301670491695,14.101743698120117,2.8159618377685547,0.4155600070953369
GLM-5.3-Flash,hosted,experiments/c3-real-stack/results/runs/c3main-glm-5.3-flash-202609261340/records.jsonl,12,0.8400324583053589,19.05989646911621,1.9981861114501953,2.0828371047973633
GLM-5.3-Flash,hosted,experiments/c3-real-stack/results/runs/c3main-glm-5.3-flash-202609261340/records.jsonl,13,1.1811991659924388,15.413045883178711,3.0469894409179688,0.4173259735107422
GLM-5.3-Flash,hosted,experiments/c3-real-stack/results/runs/c3main-glm-5.3-flash-202609261340/records.jsonl,14,0.8503915416076779,15.033960342407227,5.035877227783203,
GLM-5.3-Flash,hosted,experiments/c3-real-stack/results/runs/c3main-glm-5.3-flash-202609261340/records.jsonl,15,1.3289249585941434,17.39048957824707,1.2118816375732422,0.4140470027923584
GLM-5.3-Flash,hosted,experiments/c3-real-stack/results/runs/c3main-glm-5.3-flash-202609261340/records.jsonl,16,0.6381226675584912,15.360116958618164,1.15203857421875,1.2476410865783691
GLM-5.3-Flash,hosted,experiments/c3-real-stack/results/runs/c3main-glm-5.3-flash-202609261340/records.jsonl,17,2.8760071247816086,15.761613845825195,3.6079883575439453,1.8675050735473633
GLM-5.3-Flash,hosted,experiments/c3-real-stack/results/runs/c3main-glm-5.3-flash-202609261340/records.jsonl,18,0.6461268747225404,19.03843879699707,1.8520355224609375,0.6197950839996338
GLM-5.3-Flash,hosted,experiments/c3-real-stack/results/runs/c3main-glm-5.3-flash-202609261340/records.jsonl,19,1.1360578751191497,14.782905578613281,2.0689964294433594,2.492905855178833
GLM-5.3-Flash,hosted,experiments/c3-real-stack/results/runs/c3main-glm-5.3-flash-202609261340/records.jsonl,20,0.7305778758600354,19.107818603515625,2.084970474243164,4.365916013717651
GLM-5.3-Flash,hosted,experiments/c3-real-stack/results/runs/c3main-glm-5.3-flash-202609261340/records.jsonl,21,1.3165691662579775,14.887809753417969,2.2568702697753906,1.2470588684082031
GLM-5.3-Flash,hosted,experiments/c3-real-stack/results/runs/c3main-glm-5.3-flash-202609261340/records.jsonl,22,0.7274944586679339,16.504287719726562,2.3589134216308594,2.2879419326782227
GLM-5.3-Flash,hosted,experiments/c3-real-stack/results/runs/c3main-glm-5.3-flash-202609261340/records.jsonl,23,0.966816833242774,15.64168930053711,2.343893051147461,1.2494328022003174
GLM-5.3-Flash,hosted,experiments/c3-real-stack/results/runs/c3main-glm-5.3-flash-202609261340/records.jsonl,24,2.8604844165965915,16.478776931762695,2.972841262817383,1.871640920639038
GLM-5.3-Flash,hosted,experiments/c3-real-stack/results/runs/c3main-glm-5.3-flash-202609261340/records.jsonl,25,1.0382294999435544,14.52326774597168,2.125978469848633,2.0807981491088867
GLM-5.3-Flash,hosted,experiments/c3-real-stack/results/runs/c3main-glm-5.3-flash-202609261340/records.jsonl,26,1.5707813752815127,14.42718505859375,3.960132598876953,1.4553000926971436
GLM-5.3-Flash,hosted,experiments/c3-real-stack/results/runs/c3main-glm-5.3-flash-202609261340/records.jsonl,27,0.9003040408715606,15.268802642822266,3.3490657806396484,1.4511380195617676
GLM-5.3-Flash,hosted,experiments/c3-real-stack/results/runs/c3main-glm-5.3-flash-202609261340/records.jsonl,28,0.7469239169731736,20.114898681640625,3.676891326904297,0.8318190574645996
GLM-5.3-Flash,hosted,experiments/c3-real-stack/results/runs/c3main-glm-5.3-flash-202609261340/records.jsonl,29,0.9669697498902678,14.397859573364258,2.0411014556884766,2.2876060009002686
GLM-5.3-Flash,hosted,experiments/c3-real-stack/results/runs/c3main-glm-5.3-flash-202609261340/records.jsonl,30,2.2266133343800902,21.147966384887695,1.783132553100586,1.8710601329803467
Qwen3.8-Flash,hosted,experiments/c3-real-stack/results/runs/c3main-qwen3.8-flash-202609261345/records.jsonl,1,1.9992818757891655,19.155263900756836,5.940914154052734,2.0822720527648926
Qwen3.8-Flash,hosted,experiments/c3-real-stack/results/runs/c3main-qwen3.8-flash-202609261345/records.jsonl,2,2.946648959070444,17.169475555419922,2.6090145111083984,1.457489013671875
Qwen3.8-Flash,hosted,experiments/c3-real-stack/results/runs/c3main-qwen3.8-flash-202609261345/records.jsonl,3,2.4875653330236673,15.11073112487793,2.3589134216308594,0.21030592918395996
Qwen3.8-Flash,hosted,experiments/c3-real-stack/results/runs/c3main-qwen3.8-flash-202609261345/records.jsonl,4,1.9398302920162678,17.075300216674805,2.2470951080322266,2.4988770484924316
Qwen3.8-Flash,hosted,experiments/c3-real-stack/results/runs/c3main-qwen3.8-flash-202609261345/records.jsonl,5,2.381699874997139,14.156341552734375,1.7039775848388672,3.5355968475341797
Qwen3.8-Flash,hosted,experiments/c3-real-stack/results/runs/c3main-qwen3.8-flash-202609261345/records.jsonl,6,2.6427664160728455,14.856576919555664,2.5789737701416016,1.0387020111083984
Qwen3.8-Flash,hosted,experiments/c3-real-stack/results/runs/c3main-qwen3.8-flash-202609261345/records.jsonl,7,2.173536041751504,14.550447463989258,3.167867660522461,
Qwen3.8-Flash,hosted,experiments/c3-real-stack/results/runs/c3main-qwen3.8-flash-202609261345/records.jsonl,8,2.7574790827929974,19.188642501831055,2.218961715698242,1.4547529220581055
Qwen3.8-Flash,hosted,experiments/c3-real-stack/results/runs/c3main-qwen3.8-flash-202609261345/records.jsonl,9,2.3554976666346192,16.228199005126953,3.993988037109375,0.8297529220581055
Qwen3.8-Flash,hosted,experiments/c3-real-stack/results/runs/c3main-qwen3.8-flash-202609261345/records.jsonl,10,2.3979216255247593,19.75417137145996,2.79998779296875,0.8316419124603271
Qwen3.8-Flash,hosted,experiments/c3-real-stack/results/runs/c3main-qwen3.8-flash-202609261345/records.jsonl,11,2.223304250277579,14.118671417236328,3.3409595489501953,1.0421700477600098
Qwen3.8-Flash,hosted,experiments/c3-real-stack/results/runs/c3main-qwen3.8-flash-202609261345/records.jsonl,12,2.3712999997660518,15.4876708984375,2.254962921142578,2.9082980155944824
Qwen3.8-Flash,hosted,experiments/c3-real-stack/results/runs/c3main-qwen3.8-flash-202609261345/records.jsonl,13,2.6076902924105525,14.469385147094727,3.7369728088378906,3.541249990463257
Qwen3.8-Flash,hosted,experiments/c3-real-stack/results/runs/c3main-qwen3.8-flash-202609261345/records.jsonl,14,2.0063290409743786,14.412641525268555,2.917051315307617,1.8679320812225342
Qwen3.8-Flash,hosted,experiments/c3-real-stack/results/runs/c3main-qwen3.8-flash-202609261345/records.jsonl,15,2.316910458728671,15.948057174682617,2.5141239166259766,0.8322510719299316
Qwen3.8-Flash,hosted,experiments/c3-real-stack/results/runs/c3main-qwen3.8-flash-202609261345/records.jsonl,16,2.3174271658062935,16.644001007080078,2.1660327911376953,1.4497809410095215
Qwen3.8-Flash,hosted,experiments/c3-real-stack/results/runs/c3main-qwen3.8-flash-202609261345/records.jsonl,17,2.7089147912338376,16.779184341430664,3.0651092529296875,1.4554791450500488
Qwen3.8-Flash,hosted,experiments/c3-real-stack/results/runs/c3main-qwen3.8-flash-202609261345/records.jsonl,18,2.6384560838341713,13.084173202514648,2.6769638061523438,1.2500109672546387
Qwen3.8-Flash,hosted,experiments/c3-real-stack/results/runs/c3main-qwen3.8-flash-202609261345/records.jsonl,19,1.8627072079107165,19.115686416625977,2.953052520751953,1.658553123474121
Qwen3.8-Flash,hosted,experiments/c3-real-stack/results/runs/c3main-qwen3.8-flash-202609261345/records.jsonl,20,1.9024839168414474,16.479015350341797,2.6390552520751953,5.612595081329346
Qwen3.8-Flash,hosted,experiments/c3-real-stack/results/runs/c3main-qwen3.8-flash-202609261345/records.jsonl,21,2.227861207909882,14.282464981079102,1.7600059509277344,1.4537389278411865
Qwen3.8-Flash,hosted,experiments/c3-real-stack/results/runs/c3main-qwen3.8-flash-202609261345/records.jsonl,22,2.8085564160719514,17.35401153564453,1.8200874328613281,1.661581039428711
Qwen3.8-Flash,hosted,experiments/c3-real-stack/results/runs/c3main-qwen3.8-flash-202609261345/records.jsonl,23,3.1086550829932094,13.759374618530273,3.5321712493896484,1.246812105178833
Qwen3.8-Flash,hosted,experiments/c3-real-stack/results/runs/c3main-qwen3.8-flash-202609261345/records.jsonl,24,1.9608279159292579,21.02494239807129,1.4469623565673828,1.8770580291748047
Qwen3.8-Flash,hosted,experiments/c3-real-stack/results/runs/c3main-qwen3.8-flash-202609261345/records.jsonl,25,6.139945916831493,15.371561050415039,3.0069351196289062,0.0014209747314453125
Qwen3.8-Flash,hosted,experiments/c3-real-stack/results/runs/c3main-qwen3.8-flash-202609261345/records.jsonl,26,2.348818459548056,17.808914184570312,2.3488998413085938,1.0376899242401123
Qwen3.8-Flash,hosted,experiments/c3-real-stack/results/runs/c3main-qwen3.8-flash-202609261345/records.jsonl,27,2.3778031244874,16.425609588623047,2.5091171264648438,2.0852181911468506
Qwen3.8-Flash,hosted,experiments/c3-real-stack/results/runs/c3main-qwen3.8-flash-202609261345/records.jsonl,28,1.6688937079161406,18.889665603637695,4.3849945068359375,0.0018858909606933594
Qwen3.8-Flash,hosted,experiments/c3-real-stack/results/runs/c3main-qwen3.8-flash-202609261345/records.jsonl,29,2.144532749429345,14.057636260986328,3.659963607788086,0.830394983291626
Qwen3.8-Flash,hosted,experiments/c3-real-stack/results/runs/c3main-qwen3.8-flash-202609261345/records.jsonl,30,1.9587248340249062,18.605470657348633,2.5238990783691406,1.65995192527771
Qwen3.5-4B-JSON,self-hosted,experiments/c3-real-stack/results/runs/c3main-qwen_json-202609261412/records.jsonl,1,0.44021683372557163,15.287399291992188,6.432771682739258,0.20917987823486328
Qwen3.5-4B-JSON,self-hosted,experiments/c3-real-stack/results/runs/c3main-qwen_json-202609261412/records.jsonl,2,0.42793495766818523,15.399694442749023,3.648996353149414,0.41455698013305664
Qwen3.5-4B-JSON,self-hosted,experiments/c3-real-stack/results/runs/c3main-qwen_json-202609261412/records.jsonl,3,0.41698345728218555,14.460563659667969,2.4797916412353516,0.20531797409057617
Qwen3.5-4B-JSON,self-hosted,experiments/c3-real-stack/results/runs/c3main-qwen_json-202609261412/records.jsonl,4,0.4176162499934435,17.589092254638672,2.836942672729492,0.41745901107788086
Qwen3.5-4B-JSON,self-hosted,experiments/c3-real-stack/results/runs/c3main-qwen_json-202609261412/records.jsonl,5,0.4126097084954381,18.947362899780273,4.698038101196289,0.21239900588989258
Qwen3.5-4B-JSON,self-hosted,experiments/c3-real-stack/results/runs/c3main-qwen_json-202609261412/records.jsonl,6,0.4543152917176485,18.50605010986328,3.4232139587402344,3.950075149536133
Qwen3.5-4B-JSON,self-hosted,experiments/c3-real-stack/results/runs/c3main-qwen_json-202609261412/records.jsonl,7,0.42780704237520695,15.527725219726562,1.2581348419189453,1.6625540256500244
Qwen3.5-4B-JSON,self-hosted,experiments/c3-real-stack/results/runs/c3main-qwen_json-202609261412/records.jsonl,8,0.42499233316630125,19.743680953979492,2.0380020141601562,5.817600965499878
Qwen3.5-4B-JSON,self-hosted,experiments/c3-real-stack/results/runs/c3main-qwen_json-202609261412/records.jsonl,9,0.503033084794879,21.608829498291016,2.866029739379883,1.8727800846099854
Qwen3.5-4B-JSON,self-hosted,experiments/c3-real-stack/results/runs/c3main-qwen_json-202609261412/records.jsonl,10,0.4161343742161989,17.570972442626953,3.3071041107177734,1.2457010746002197
Qwen3.5-4B-JSON,self-hosted,experiments/c3-real-stack/results/runs/c3main-qwen_json-202609261412/records.jsonl,11,0.4547634581103921,16.746997833251953,2.151012420654297,1.663896083831787
Qwen3.5-4B-JSON,self-hosted,experiments/c3-real-stack/results/runs/c3main-qwen_json-202609261412/records.jsonl,12,0.4173725424334407,16.129493713378906,3.1239986419677734,1.245694875717163
Qwen3.5-4B-JSON,self-hosted,experiments/c3-real-stack/results/runs/c3main-qwen_json-202609261412/records.jsonl,13,0.4367689583450556,14.992475509643555,3.144979476928711,3.1233201026916504
Qwen3.5-4B-JSON,self-hosted,experiments/c3-real-stack/results/runs/c3main-qwen_json-202609261412/records.jsonl,14,0.4395633339881897,18.834590911865234,2.0041465759277344,1.4515430927276611
Qwen3.5-4B-JSON,self-hosted,experiments/c3-real-stack/results/runs/c3main-qwen_json-202609261412/records.jsonl,15,0.42744270898401737,14.261722564697266,2.8471946716308594,0.8355810642242432
Qwen3.5-4B-JSON,self-hosted,experiments/c3-real-stack/results/runs/c3main-qwen_json-202609261412/records.jsonl,16,0.4225782919675112,13.708829879760742,2.454042434692383,1.0375230312347412
Qwen3.5-4B-JSON,self-hosted,experiments/c3-real-stack/results/runs/c3main-qwen_json-202609261412/records.jsonl,17,0.48088458366692066,17.83895492553711,3.2558441162109375,1.2480249404907227
Qwen3.5-4B-JSON,self-hosted,experiments/c3-real-stack/results/runs/c3main-qwen_json-202609261412/records.jsonl,18,0.4429351668804884,17.84229278564453,2.1889209747314453,2.0828030109405518
Qwen3.5-4B-JSON,self-hosted,experiments/c3-real-stack/results/runs/c3main-qwen_json-202609261412/records.jsonl,19,0.5163082089275122,20.166635513305664,2.727031707763672,0.6182410717010498
Qwen3.5-4B-JSON,self-hosted,experiments/c3-real-stack/results/runs/c3main-qwen_json-202609261412/records.jsonl,20,0.43711904156953096,18.917560577392578,2.6369094848632812,0.4163329601287842
Qwen3.5-4B-JSON,self-hosted,experiments/c3-real-stack/results/runs/c3main-qwen_json-202609261412/records.jsonl,21,0.4716840423643589,20.72930335998535,2.635955810546875,2.0800538063049316
Qwen3.5-4B-JSON,self-hosted,experiments/c3-real-stack/results/runs/c3main-qwen_json-202609261412/records.jsonl,22,0.4273512912914157,13.251543045043945,3.170013427734375,2.0738818645477295
Qwen3.5-4B-JSON,self-hosted,experiments/c3-real-stack/results/runs/c3main-qwen_json-202609261412/records.jsonl,23,0.42494283337146044,15.98668098449707,3.0660629272460938,1.4580020904541016
Qwen3.5-4B-JSON,self-hosted,experiments/c3-real-stack/results/runs/c3main-qwen_json-202609261412/records.jsonl,24,0.419019540771842,18.78809928894043,4.471063613891602,0.6193020343780518
Qwen3.5-4B-JSON,self-hosted,experiments/c3-real-stack/results/runs/c3main-qwen_json-202609261412/records.jsonl,25,0.46847729198634624,20.750999450683594,2.2499561309814453,1.4590041637420654
Qwen3.5-4B-JSON,self-hosted,experiments/c3-real-stack/results/runs/c3main-qwen_json-202609261412/records.jsonl,26,0.5084480829536915,18.52273941040039,2.101898193359375,2.0735459327697754
Qwen3.5-4B-JSON,self-hosted,experiments/c3-real-stack/results/runs/c3main-qwen_json-202609261412/records.jsonl,27,0.42487833369523287,16.497135162353516,4.014015197753906,0.8319790363311768
Qwen3.5-4B-JSON,self-hosted,experiments/c3-real-stack/results/runs/c3main-qwen_json-202609261412/records.jsonl,28,0.46092949993908405,21.001100540161133,2.2220611572265625,5.200366973876953
Qwen3.5-4B-JSON,self-hosted,experiments/c3-real-stack/results/runs/c3main-qwen_json-202609261412/records.jsonl,29,0.4237709157168865,16.54982566833496,2.271890640258789,1.2430369853973389
Qwen3.5-4B-JSON,self-hosted,experiments/c3-real-stack/results/runs/c3main-qwen_json-202609261412/records.jsonl,30,0.5147110000252724,19.579172134399414,1.3859272003173828,0.8301310539245605
